[{"model": "auth.group", "pk": 1, "fields": {"name": "Managers", "permissions": [7, 8, 9, 20, 21, 25, 26, 27]}}, {"model": "auth.group", "pk": 2, "fields": {"name": "Employees", "permissions": []}}, {"model": "auth.user", "pk": 17, "fields": {"password": "pbkdf2_sha256$36000$L3ApvWZ8KLYL$S4U69f+EZftZ5B1oPJWVB7o2CZk5p/RVe54BLrdty20=", "last_login": "2017-08-27T14:59:28.293Z", "is_superuser": true, "username": "roy", "first_name": "Roy", "last_name": "Segev", "email": "emaohi@gmail.com", "is_staff": true, "is_active": true, "date_joined": "2017-04-29T09:12:26Z", "groups": [1], "user_permissions": []}}, {"model": "auth.user", "pk": 28, "fields": {"password": "pbkdf2_sha256$36000$6mBxXThr7XMP$yXohT5h/DF1s+y0uvlfibZc+JBp8l7r1UByD0tlgR2U=", "last_login": "2017-06-29T08:26:25.299Z", "is_superuser": false, "username": "Roni", "first_name": "Roni", "last_name": "Iwanir", "email": "roni@roni.com", "is_staff": true, "is_active": true, "date_joined": "2017-05-01T12:56:23Z", "groups": [1], "user_permissions": []}}, {"model": "auth.user", "pk": 171, "fields": {"password": "pbkdf2_sha256$36000$9bPMFMGngg5d$HcXFrIQiskhohVAzgYQ4AwJH5/4kr/hCfhmJOtW5U5Q=", "last_login": "2017-05-22T16:17:23.878Z", "is_superuser": false, "username": "Dandan", "first_name": "", "last_name": "", "email": "dandan@gmail.com", "is_staff": false, "is_active": true, "date_joined": "2017-05-22T16:15:36.620Z", "groups": [1], "user_permissions": []}}, {"model": "auth.user", "pk": 173, "fields": {"password": "pbkdf2_sha256$36000$MTqOTo3Qf4Rn$nFltpiU3Vzj6AoAyVp2XALIXE2lZyoe+VFt+4ehxnC0=", "last_login": "2017-05-22T16:19:19.850Z", "is_superuser": false, "username": "YonitL", "first_name": "Yonit", "last_name": "Levi", "email": "emaohi@gmail.com", "is_staff": false, "is_active": true, "date_joined": "2017-05-22T16:17:59.896Z", "groups": [2], "user_permissions": []}}, {"model": "auth.user", "pk": 174, "fields": {"password": "pbkdf2_sha256$36000$eLejQ2UCpfmi$8/ILM196N685qtL9z0f5K6QwEZ5tZvUK3ukTEtI7U5M=", "last_login": "2017-08-19T09:50:50.545Z", "is_superuser": false, "username": "normani", "first_name": "norman", "last_name": "isa", "email": "emaohi@gmail.com", "is_staff": false, "is_active": true, "date_joined": "2017-05-24T16:19:20.463Z", "groups": [2], "user_permissions": []}}, {"model": "auth.user", "pk": 178, "fields": {"password": "pbkdf2_sha256$36000$SmXghhR5l2Sm$onvGBBrI2NuxdsH5HZymdvhadFS+qDVWvoZJEi5jmxo=", "last_login": null, "is_superuser": false, "username": "DaniD", "first_name": "Dani", "last_name": "Din", "email": "emaohi@gmail.com", "is_staff": false, "is_active": true, "date_joined": "2017-05-26T14:29:01.261Z", "groups": [2], "user_permissions": []}}, {"model": "auth.user", "pk": 179, "fields": {"password": "pbkdf2_sha256$36000$ECPrkiVMTumQ$M6r4djecMlgQVfsGUktke2KQFNHEogm9IKW3CDyO7dI=", "last_login": null, "is_superuser": false, "username": "PitzkinP", "first_name": "Pitzkin", "last_name": "Putz", "email": "emaohi@gmail.com", "is_staff": false, "is_active": true, "date_joined": "2017-05-26T14:29:01.438Z", "groups": [2], "user_permissions": []}}, {"model": "auth.user", "pk": 186, "fields": {"password": "pbkdf2_sha256$36000$HCCwE7rQVFIE$Zr5w2MUF06bcHdjtPKR4ZNEKP29QgiHSKJmenwNa3K0=", "last_login": "2017-06-14T14:50:23.123Z", "is_superuser": false, "username": "assafC", "first_name": "assaf", "last_name": "Corem", "email": "emaohi@gmail.com", "is_staff": false, "is_active": true, "date_joined": "2017-06-14T14:49:17.421Z", "groups": [2], "user_permissions": []}}, {"model": "auth.user", "pk": 200, "fields": {"password": "pbkdf2_sha256$36000$zdjP1xRBlJTE$qEv/F0WF/rGpG7YsB4GYvqpFtIQ47xVKgFjTFJHnRrs=", "last_login": null, "is_superuser": false, "username": "klasdnkk", "first_name": "klasdnk", "last_name": "kslmdkl", "email": "emaohi@gmail.com", "is_staff": false, "is_active": true, "date_joined": "2017-06-24T13:20:26.856Z", "groups": [2], "user_permissions": []}}, {"model": "auth.user", "pk": 201, "fields": {"password": "pbkdf2_sha256$36000$uk3w3rB6hdHi$iXUhyT5sgnRK92L4uKuzu0uLs+VTrRduEe/QA+rOHCo=", "last_login": "2017-06-24T18:24:20.772Z", "is_superuser": false, "username": "EyalB", "first_name": "Eyal", "last_name": "Balicer", "email": "emaohi@gmail.com", "is_staff": false, "is_active": true, "date_joined": "2017-06-24T15:06:14.559Z", "groups": [2], "user_permissions": []}}, {"model": "auth.user", "pk": 205, "fields": {"password": "pbkdf2_sha256$36000$IrhQM75w7ddq$0NBrSxNEHN3Hhd8ixpZ1wqeU2bG0surzaqld3hiDJTw=", "last_login": null, "is_superuser": false, "username": "rer", "first_name": "re", "last_name": "ro", "email": "emaohi@gmail.com", "is_staff": false, "is_active": true, "date_joined": "2017-06-26T17:15:56.121Z", "groups": [2], "user_permissions": []}}, {"model": "auth.user", "pk": 210, "fields": {"password": "pbkdf2_sha256$36000$8cd2B95mBtmV$NJPLnw6CxRHced799c6DCohOnRS7e2jt+OXBUFlTbv8=", "last_login": "2017-07-28T10:38:55.306Z", "is_superuser": false, "username": "yuval", "first_name": "", "last_name": "", "email": "emaohi@gmail.com", "is_staff": false, "is_active": true, "date_joined": "2017-07-28T10:29:20.060Z", "groups": [1], "user_permissions": []}}, {"model": "auth.user", "pk": 211, "fields": {"password": "pbkdf2_sha256$36000$2NUkhjilqpCJ$CYiL215KirGpBxD+LfUERort1vLSm+N7qV4+lx3uO/w=", "last_login": null, "is_superuser": false, "username": "frogyf", "first_name": "frogy", "last_name": "fragfrag", "email": "emaohi@gmail.com", "is_staff": false, "is_active": true, "date_joined": "2017-07-28T10:30:54.817Z", "groups": [2], "user_permissions": []}}, {"model": "auth.user", "pk": 213, "fields": {"password": "pbkdf2_sha256$36000$ayuZZZH32lN0$UqCQvQUqOVJ0Pl0XIhj8HqV2vl4XSBDk12ppMt7x4PY=", "last_login": "2017-07-28T10:36:33.700Z", "is_superuser": false, "username": "totot", "first_name": "toto", "last_name": "tata", "email": "emaohi@gmail.com", "is_staff": false, "is_active": true, "date_joined": "2017-07-28T10:33:15.006Z", "groups": [2], "user_permissions": []}}, {"model": "auth.user", "pk": 219, "fields": {"password": "pbkdf2_sha256$36000$PUJLnW9kzTf7$JKPqUtOheLl5RC3NotaIGFrex8rWo6LELpdYLMSc2Fk=", "last_login": "2017-08-18T19:40:28.953Z", "is_superuser": false, "username": "alon", "first_name": "", "last_name": "", "email": "emaohi@gmail.com", "is_staff": false, "is_active": true, "date_joined": "2017-08-18T10:15:18.537Z", "groups": [1], "user_permissions": []}}, {"model": "auth.user", "pk": 220, "fields": {"password": "pbkdf2_sha256$36000$q24YDIajEOcP$+5C/LRN+aDdbiP7kgONFi1Owwpl54psG+pTtNoJBlHw=", "last_login": "2017-08-20T08:55:32.369Z", "is_superuser": false, "username": "zvika", "first_name": "", "last_name": "", "email": "emaohi@gmail.com", "is_staff": false, "is_active": true, "date_joined": "2017-08-20T07:20:19.701Z", "groups": [1], "user_permissions": []}}, {"model": "auth.user", "pk": 221, "fields": {"password": "pbkdf2_sha256$36000$g9FSi0I0mb39$yyVd65UUIlXRQBVdYMzH9b1l9gV9zPmOarBOIt7p+bo=", "last_login": "2017-08-20T08:53:34.817Z", "is_superuser": false, "username": "emp1l", "first_name": "emp1", "last_name": "ladsl,", "email": "emaohi@gmail.com", "is_staff": false, "is_active": true, "date_joined": "2017-08-20T07:21:16.374Z", "groups": [2], "user_permissions": []}}, {"model": "sessions.session", "pk": "0cryjt2az9xqyvgajhy46abwwi654th4", "fields": {"session_data": "MWRlMDJkYmQwM2RhMDU4NmRhODYyYjFmYmFmODViYjYxNTc5ZmI3Mzp7fQ==", "expire_date": "2017-05-06T19:38:35.866Z"}}, {"model": "sessions.session", "pk": "5bsfq46c7yw2yyzsclhdkv1ndzsrtauf", "fields": {"session_data": "MWRlMDJkYmQwM2RhMDU4NmRhODYyYjFmYmFmODViYjYxNTc5ZmI3Mzp7fQ==", "expire_date": "2017-05-13T09:07:27.320Z"}}, {"model": "sessions.session", "pk": "8hli4j77e5tnjrrs9vjdcal484gattkw", "fields": {"session_data": "NDRkNWY3NzY5Mzc0ZGFkODg4YzkxNTIzMGZhNjMzMmFkOGQxODExYzp7Il9hdXRoX3VzZXJfaGFzaCI6ImYzN2FkYmMwMWVkOWJkMTMwYWY5OTAzYmYyODI3MTlkOGFkMGE3OTEiLCJfYXV0aF91c2VyX2JhY2tlbmQiOiJkamFuZ28uY29udHJpYi5hdXRoLmJhY2tlbmRzLk1vZGVsQmFja2VuZCIsIl9hdXRoX3VzZXJfaWQiOiIxNyJ9", "expire_date": "2017-09-03T11:21:03.389Z"}}, {"model": "sessions.session", "pk": "bdtax55xveh19060up6a7tn4crx7l5id", "fields": {"session_data": "NDRkNWY3NzY5Mzc0ZGFkODg4YzkxNTIzMGZhNjMzMmFkOGQxODExYzp7Il9hdXRoX3VzZXJfaGFzaCI6ImYzN2FkYmMwMWVkOWJkMTMwYWY5OTAzYmYyODI3MTlkOGFkMGE3OTEiLCJfYXV0aF91c2VyX2JhY2tlbmQiOiJkamFuZ28uY29udHJpYi5hdXRoLmJhY2tlbmRzLk1vZGVsQmFja2VuZCIsIl9hdXRoX3VzZXJfaWQiOiIxNyJ9", "expire_date": "2017-07-07T10:22:55.598Z"}}, {"model": "sessions.session", "pk": "d7nhbxsrm5hs6n095nyg4kjyr74lqw6m", "fields": {"session_data": "MWRlMDJkYmQwM2RhMDU4NmRhODYyYjFmYmFmODViYjYxNTc5ZmI3Mzp7fQ==", "expire_date": "2017-05-09T19:13:01.805Z"}}, {"model": "sessions.session", "pk": "deogxb9u86l9ff3qxr1oj66weyrqg3k5", "fields": {"session_data": "MWRlMDJkYmQwM2RhMDU4NmRhODYyYjFmYmFmODViYjYxNTc5ZmI3Mzp7fQ==", "expire_date": "2017-05-09T19:13:24.133Z"}}, {"model": "sessions.session", "pk": "gi5rkzl08o8v8bbhoowiuggqjf843beq", "fields": {"session_data": "NDRkNWY3NzY5Mzc0ZGFkODg4YzkxNTIzMGZhNjMzMmFkOGQxODExYzp7Il9hdXRoX3VzZXJfaGFzaCI6ImYzN2FkYmMwMWVkOWJkMTMwYWY5OTAzYmYyODI3MTlkOGFkMGE3OTEiLCJfYXV0aF91c2VyX2JhY2tlbmQiOiJkamFuZ28uY29udHJpYi5hdXRoLmJhY2tlbmRzLk1vZGVsQmFja2VuZCIsIl9hdXRoX3VzZXJfaWQiOiIxNyJ9", "expire_date": "2017-09-10T14:59:28.298Z"}}, {"model": "sessions.session", "pk": "kt9xt8mvh6q93s5jwjbdsnx41hoekxw1", "fields": {"session_data": "OTIyN2MzZjZhOWVhYzA2OTU4NmRhOGU5MWI1ZDYxMTRhZmZjYmY4MDp7Il9hdXRoX3VzZXJfaGFzaCI6IjZmZTI5YzQ4NzU3YjNlM2Q5OTMxNzE1NjQyNzIwZDY0MjczNmRhOWMiLCJfYXV0aF91c2VyX2JhY2tlbmQiOiJkamFuZ28uY29udHJpYi5hdXRoLmJhY2tlbmRzLk1vZGVsQmFja2VuZCIsIl9hdXRoX3VzZXJfaWQiOiIxNyJ9", "expire_date": "2017-06-03T15:58:19.370Z"}}, {"model": "sessions.session", "pk": "mvkthzxu207c8ez6xn53kxaph8fd0xlc", "fields": {"session_data": "ZjE1MTVkMTQ5ZjkyOTU2NTVmMGExYWZhYmQ2ZDc4YzhiZjkyNTk4NTp7Il9hdXRoX3VzZXJfaGFzaCI6IjYxZjVhZTYzNzM2ODY5NjJlMDMwMDgwZTEwYjcyZjhjOGJhYzdkOGEiLCJfYXV0aF91c2VyX2JhY2tlbmQiOiJkamFuZ28uY29udHJpYi5hdXRoLmJhY2tlbmRzLk1vZGVsQmFja2VuZCIsIl9hdXRoX3VzZXJfaWQiOiIyOCJ9", "expire_date": "2017-06-01T15:14:40.092Z"}}, {"model": "sessions.session", "pk": "omovlww8eq8a4hbq4beo7bv9b6firzbc", "fields": {"session_data": "MWRlMDJkYmQwM2RhMDU4NmRhODYyYjFmYmFmODViYjYxNTc5ZmI3Mzp7fQ==", "expire_date": "2017-05-09T19:11:55.427Z"}}, {"model": "sessions.session", "pk": "w7rp759wtr9orw28aeqafqj5pyho7jlv", "fields": {"session_data": "MWRlMDJkYmQwM2RhMDU4NmRhODYyYjFmYmFmODViYjYxNTc5ZmI3Mzp7fQ==", "expire_date": "2017-05-06T19:39:21.995Z"}}, {"model": "sessions.session", "pk": "wlpn7gelk6j5elj3dprm3fvyzn8p9v8x", "fields": {"session_data": "MWRlMDJkYmQwM2RhMDU4NmRhODYyYjFmYmFmODViYjYxNTc5ZmI3Mzp7fQ==", "expire_date": "2017-05-09T19:13:53.993Z"}}, {"model": "log.business", "pk": "FRAKASH", "fields": {"manager": 219, "business_type": "PU", "tip_method": "G", "deadline_day": "7", "start_slot_countdown": false}}, {"model": "log.business", "pk": "FrogFrog", "fields": {"manager": 210, "business_type": "RE", "tip_method": "G", "deadline_day": "1", "start_slot_countdown": false}}, {"model": "log.business", "pk": "Yaldonet", "fields": {"manager": 28, "business_type": "CA", "tip_method": "P", "deadline_day": "7", "start_slot_countdown": false}}, {"model": "log.business", "pk": "ZvikaBuiss", "fields": {"manager": 220, "business_type": "PU", "tip_method": "G", "deadline_day": "7", "start_slot_countdown": false}}, {"model": "log.business", "pk": "daniBiz", "fields": {"manager": 171, "business_type": "PU", "tip_method": "G", "deadline_day": "7", "start_slot_countdown": false}}, {"model": "log.business", "pk": "dummy", "fields": {"manager": 17, "business_type": "PU", "tip_method": "G", "deadline_day": "7", "start_slot_countdown": false}}, {"model": "log.employeeprofile", "pk": 17, "fields": {"business": "dummy", "phone_num": "056-3333333", "home_address": "london london", "birth_date": "2017-05-27", "started_work_date": "2016-05-27", "gender": "M", "avg_rate": 2.5, "role": "MA", "enable_mailing": false}}, {"model": "log.employeeprofile", "pk": 28, "fields": {"business": "Yaldonet", "phone_num": "", "home_address": "stockholm", "birth_date": "2016-05-05", "started_work_date": "2015-06-20", "gender": "M", "avg_rate": 2.5, "role": "MA", "enable_mailing": true}}, {"model": "log.employeeprofile", "pk": 171, "fields": {"business": "daniBiz", "phone_num": "", "home_address": "", "birth_date": null, "started_work_date": null, "gender": "M", "avg_rate": 2.5, "role": "MA", "enable_mailing": true}}, {"model": "log.employeeprofile", "pk": 173, "fields": {"business": "daniBiz", "phone_num": "", "home_address": "", "birth_date": null, "started_work_date": null, "gender": "M", "avg_rate": 2.5, "role": "CO", "enable_mailing": true}}, {"model": "log.employeeprofile", "pk": 174, "fields": {"business": "dummy", "phone_num": "", "home_address": "new york", "birth_date": "2007-05-21", "started_work_date": "2014-05-10", "gender": "M", "avg_rate": 1.5, "role": "CO", "enable_mailing": true}}, {"model": "log.employeeprofile", "pk": 178, "fields": {"business": "Yaldonet", "phone_num": "", "home_address": "mumbai", "birth_date": "2015-06-20", "started_work_date": "2015-06-20", "gender": "M", "avg_rate": 2.5, "role": "BT", "enable_mailing": true}}, {"model": "log.employeeprofile", "pk": 179, "fields": {"business": "Yaldonet", "phone_num": "", "home_address": "paris", "birth_date": "2016-05-05", "started_work_date": "2016-07-10", "gender": "M", "avg_rate": 2.5, "role": "WA", "enable_mailing": true}}, {"model": "log.employeeprofile", "pk": 186, "fields": {"business": "dummy", "phone_num": "", "home_address": "", "birth_date": null, "started_work_date": "2009-05-24", "gender": "M", "avg_rate": 2.5, "role": "CO", "enable_mailing": false}}, {"model": "log.employeeprofile", "pk": 200, "fields": {"business": "dummy", "phone_num": "", "home_address": "", "birth_date": null, "started_work_date": "2017-06-15", "gender": "M", "avg_rate": 2.5, "role": "WA", "enable_mailing": true}}, {"model": "log.employeeprofile", "pk": 201, "fields": {"business": "dummy", "phone_num": "", "home_address": "", "birth_date": null, "started_work_date": "2017-06-24", "gender": "M", "avg_rate": 2.5, "role": "BT", "enable_mailing": true}}, {"model": "log.employeeprofile", "pk": 205, "fields": {"business": "Yaldonet", "phone_num": "052-4444444", "home_address": "", "birth_date": null, "started_work_date": "2017-06-26", "gender": "M", "avg_rate": 2.5, "role": "BT", "enable_mailing": true}}, {"model": "log.employeeprofile", "pk": 210, "fields": {"business": "FrogFrog", "phone_num": "", "home_address": "", "birth_date": null, "started_work_date": null, "gender": "M", "avg_rate": 2.5, "role": "MA", "enable_mailing": true}}, {"model": "log.employeeprofile", "pk": 211, "fields": {"business": "FrogFrog", "phone_num": "", "home_address": "", "birth_date": null, "started_work_date": "2016-07-28", "gender": "M", "avg_rate": 2.5, "role": "CO", "enable_mailing": true}}, {"model": "log.employeeprofile", "pk": 213, "fields": {"business": "FrogFrog", "phone_num": "052-4444444", "home_address": "kjsdbv", "birth_date": "2017-07-28", "started_work_date": "2017-07-28", "gender": "M", "avg_rate": 2.5, "role": "BT", "enable_mailing": true}}, {"model": "log.employeeprofile", "pk": 219, "fields": {"business": "FRAKASH", "phone_num": "", "home_address": "", "birth_date": null, "started_work_date": null, "gender": "M", "avg_rate": 2.5, "role": "MA", "enable_mailing": true}}, {"model": "log.employeeprofile", "pk": 220, "fields": {"business": "ZvikaBuiss", "phone_num": "", "home_address": "", "birth_date": null, "started_work_date": null, "gender": "M", "avg_rate": 2.5, "role": "MA", "enable_mailing": true}}, {"model": "log.employeeprofile", "pk": 221, "fields": {"business": "ZvikaBuiss", "phone_num": "", "home_address": "", "birth_date": null, "started_work_date": "2017-08-17", "gender": "M", "avg_rate": 2.5, "role": "BT", "enable_mailing": true}}, {"model": "core.employeerequest", "pk": 9, "fields": {"sent_time": "2017-06-15T11:19:03.619Z", "subject": "Employee Change Request", "text": "Field claimed to be incorrect: role. Current field value is Cook; Suggestion is knight", "status": "R", "type": "P", "issuers": []}}, {"model": "core.employeerequest", "pk": 10, "fields": {"sent_time": "2017-06-15T11:24:24.297Z", "subject": "Employee Change Request", "text": "Field claimed to be incorrect: role. Current field value is Cook; Suggestion is hairdresser", "status": "R", "type": "P", "issuers": []}}, {"model": "core.employeerequest", "pk": 11, "fields": {"sent_time": "2017-06-15T12:36:53.120Z", "subject": "Employee Change Request", "text": "Field claimed to be incorrect: role. Current field value is Cook; Suggestion is sss", "status": "A", "type": "P", "issuers": []}}, {"model": "core.employeerequest", "pk": 12, "fields": {"sent_time": "2017-06-16T17:07:32.527Z", "subject": "Employee Change Request", "text": "Field claimed to be incorrect: role. Current field value is Cook; Suggestion is gymnatic", "status": "A", "type": "P", "issuers": []}}, {"model": "core.employeerequest", "pk": 13, "fields": {"sent_time": "2017-06-16T17:17:49.235Z", "subject": "Employee Change Request", "text": "Field claimed to be incorrect: role. Current field value is Cook; Suggestion is balerina", "status": "A", "type": "P", "issuers": []}}, {"model": "core.employeerequest", "pk": 14, "fields": {"sent_time": "2017-06-16T17:32:40.397Z", "subject": "Employee Change Request", "text": "Field claimed to be incorrect: started_work_date. Current field value is 2014-05-10; Suggestion is taktak", "status": "A", "type": "P", "issuers": []}}, {"model": "core.employeerequest", "pk": 15, "fields": {"sent_time": "2017-06-16T17:40:22.720Z", "subject": "Employee Change Request", "text": "Field claimed to be incorrect: role. Current field value is Cook; Suggestion is checking", "status": "A", "type": "P", "issuers": []}}, {"model": "core.employeerequest", "pk": 16, "fields": {"sent_time": "2017-06-24T15:52:59.324Z", "subject": "Employee Change Request", "text": "Field claimed to be incorrect: started_work_date. Current field value is 2017-06-24; Suggestion is you're an asshole", "status": "R", "type": "P", "issuers": []}}, {"model": "core.employeerequest", "pk": 17, "fields": {"sent_time": "2017-06-28T15:09:55.099Z", "subject": "Employee Change Request", "text": "Field claimed to be incorrect: started_work_date. Current field value is 2014-05-10; Suggestion is not good", "status": "A", "type": "P", "issuers": []}}, {"model": "core.employeerequest", "pk": 18, "fields": {"sent_time": "2017-06-28T15:11:26.014Z", "subject": "Employee Change Request", "text": "Field claimed to be incorrect: started_work_date. Current field value is 2014-05-10; Suggestion is aaa", "status": "A", "type": "P", "issuers": []}}, {"model": "core.employeerequest", "pk": 19, "fields": {"sent_time": "2017-06-28T15:13:06.362Z", "subject": "Employee Change Request", "text": "Field claimed to be incorrect: started_work_date. Current field value is 2014-05-10; Suggestion is tomtom", "status": "A", "type": "P", "issuers": []}}, {"model": "core.employeerequest", "pk": 20, "fields": {"sent_time": "2017-06-28T15:20:04.597Z", "subject": "Employee Change Request", "text": "Field claimed to be incorrect: started_work_date. Current field value is 2014-05-10; Suggestion is ", "status": "A", "type": "P", "issuers": []}}, {"model": "core.employeerequest", "pk": 21, "fields": {"sent_time": "2017-06-28T15:23:21.752Z", "subject": "Employee Change Request", "text": "Field claimed to be incorrect: started_work_date. Current field value is 2014-05-10; Suggestion is ", "status": "R", "type": "P", "issuers": []}}, {"model": "core.employeerequest", "pk": 22, "fields": {"sent_time": "2017-06-28T16:19:47.531Z", "subject": "Employee Change Request", "text": "Field claimed to be incorrect: started_work_date. Current field value is 2014-05-10; Suggestion is 3", "status": "R", "type": "P", "issuers": []}}, {"model": "core.employeerequest", "pk": 23, "fields": {"sent_time": "2017-06-28T16:21:26.917Z", "subject": "Employee Change Request", "text": "Field claimed to be incorrect: started_work_date. Current field value is 2014-05-10; Suggestion is aaa", "status": "R", "type": "P", "issuers": []}}, {"model": "core.employeerequest", "pk": 24, "fields": {"sent_time": "2017-06-28T16:44:02.240Z", "subject": "Employee Change Request", "text": "Field claimed to be incorrect: started_work_date. Current field value is 2014-05-10; Suggestion is akslnd", "status": "A", "type": "P", "issuers": []}}, {"model": "core.employeerequest", "pk": 25, "fields": {"sent_time": "2017-06-28T16:45:36.167Z", "subject": "Employee Change Request", "text": "Field claimed to be incorrect: started_work_date. Current field value is 2014-05-10; Suggestion is aaa", "status": "A", "type": "P", "issuers": []}}, {"model": "core.employeerequest", "pk": 26, "fields": {"sent_time": "2017-06-28T16:45:58.234Z", "subject": "Employee Change Request", "text": "Field claimed to be incorrect: started_work_date. Current field value is 2014-05-10; Suggestion is aaa", "status": "A", "type": "P", "issuers": []}}, {"model": "core.employeerequest", "pk": 27, "fields": {"sent_time": "2017-06-28T16:47:10.972Z", "subject": "Employee Change Request", "text": "Field claimed to be incorrect: started_work_date. Current field value is 2014-05-10; Suggestion is aa", "status": "R", "type": "P", "issuers": []}}, {"model": "core.employeerequest", "pk": 28, "fields": {"sent_time": "2017-06-28T16:47:39.759Z", "subject": "Employee Change Request", "text": "Field claimed to be incorrect: started_work_date. Current field value is 2014-05-10; Suggestion is xxx", "status": "A", "type": "P", "issuers": []}}, {"model": "core.employeerequest", "pk": 29, "fields": {"sent_time": "2017-06-28T18:17:44.197Z", "subject": "Employee Change Request", "text": "Field claimed to be incorrect: started_work_date. Current field value is 2014-05-10; Suggestion is wrong", "status": "A", "type": "P", "issuers": []}}, {"model": "core.employeerequest", "pk": 30, "fields": {"sent_time": "2017-06-28T18:20:13.102Z", "subject": "Employee Change Request", "text": "Field claimed to be incorrect: started_work_date. Current field value is 2014-05-10; Suggestion is s", "status": "A", "type": "P", "issuers": []}}, {"model": "core.employeerequest", "pk": 31, "fields": {"sent_time": "2017-06-28T18:20:29.725Z", "subject": "Employee Change Request", "text": "Field claimed to be incorrect: started_work_date. Current field value is 2014-05-10; Suggestion is aa", "status": "A", "type": "P", "issuers": []}}, {"model": "core.employeerequest", "pk": 32, "fields": {"sent_time": "2017-06-28T18:21:28.810Z", "subject": "Employee Change Request", "text": "Field claimed to be incorrect: started_work_date. Current field value is 2014-05-10; Suggestion is aa", "status": "A", "type": "P", "issuers": []}}, {"model": "core.employeerequest", "pk": 33, "fields": {"sent_time": "2017-06-28T20:38:29.557Z", "subject": "Employee Change Request", "text": "Field claimed to be incorrect: role. Current field value is Cook; Suggestion is nn", "status": "A", "type": "P", "issuers": []}}, {"model": "core.employeerequest", "pk": 34, "fields": {"sent_time": "2017-06-28T20:58:27.401Z", "subject": "Employee Change Request", "text": "Field claimed to be incorrect: started_work_date. Current field value is 2014-05-10; Suggestion is ttt", "status": "A", "type": "P", "issuers": []}}, {"model": "core.employeerequest", "pk": 35, "fields": {"sent_time": "2017-06-29T08:15:06.741Z", "subject": "Employee Change Request", "text": "Field claimed to be incorrect: started_work_date. Current field value is 2014-05-10; Suggestion is vv", "status": "A", "type": "P", "issuers": []}}, {"model": "core.employeerequest", "pk": 36, "fields": {"sent_time": "2017-06-29T08:16:39.873Z", "subject": "Employee Change Request", "text": "Field claimed to be incorrect: started_work_date. Current field value is 2014-05-10; Suggestion is hhh", "status": "A", "type": "P", "issuers": []}}, {"model": "core.employeerequest", "pk": 37, "fields": {"sent_time": "2017-06-29T08:22:33.657Z", "subject": "Employee Change Request", "text": "Field claimed to be incorrect: started_work_date. Current field value is 2014-05-10; Suggestion is bbb", "status": "A", "type": "P", "issuers": []}}, {"model": "core.employeerequest", "pk": 38, "fields": {"sent_time": "2017-06-29T12:48:34.247Z", "subject": "Employee Change Request", "text": "Field claimed to be incorrect: started_work_date. Current field value is 2014-05-10; Suggestion is ttt", "status": "R", "type": "P", "issuers": []}}, {"model": "core.employeerequest", "pk": 39, "fields": {"sent_time": "2017-06-29T12:59:53.812Z", "subject": "Employee Change Request", "text": "Field claimed to be incorrect: started_work_date. Current field value is 2014-05-10; Suggestion is ggh", "status": "A", "type": "P", "issuers": []}}, {"model": "core.employeerequest", "pk": 40, "fields": {"sent_time": "2017-06-29T14:25:34.305Z", "subject": "Employee Change Request", "text": "Field claimed to be incorrect: started_work_date. Current field value is 2014-05-10; Suggestion is aaa", "status": "R", "type": "P", "issuers": []}}, {"model": "core.employeerequest", "pk": 41, "fields": {"sent_time": "2017-06-29T14:28:20.628Z", "subject": "Employee Change Request", "text": "Field claimed to be incorrect: started_work_date. Current field value is 2014-05-10; Suggestion is bbb", "status": "A", "type": "P", "issuers": []}}, {"model": "core.employeerequest", "pk": 42, "fields": {"sent_time": "2017-06-29T14:28:47.670Z", "subject": "Employee Change Request", "text": "Field claimed to be incorrect: started_work_date. Current field value is 2014-05-10; Suggestion is aaa", "status": "R", "type": "P", "issuers": []}}, {"model": "core.employeerequest", "pk": 43, "fields": {"sent_time": "2017-07-28T10:34:49.152Z", "subject": "Employee Change Request", "text": "Field claimed to be incorrect: started_work_date. Current field value is 2017-07-28; Suggestion is you're scam", "status": "A", "type": "P", "issuers": []}}, {"model": "core.employeerequest", "pk": 44, "fields": {"sent_time": "2017-08-01T16:08:36.958Z", "subject": "Employee Change Request", "text": "Field claimed to be incorrect: role. Current field value is Bartender; Suggestion is fix it", "status": "A", "type": "P", "issuers": []}}, {"model": "core.employeerequest", "pk": 45, "fields": {"sent_time": "2017-08-07T16:27:33.142Z", "subject": "Employee Change Request", "text": "Field claimed to be incorrect: started_work_date. Current field value is 2017-08-07; Suggestion is fix it please", "status": "R", "type": "P", "issuers": []}}, {"model": "core.employeerequest", "pk": 46, "fields": {"sent_time": "2017-08-20T07:29:20.833Z", "subject": "Employee Change Request", "text": "Field claimed to be incorrect: started_work_date. Current field value is 2017-08-20; Suggestion is that's wrong", "status": "A", "type": "P", "issuers": [210]}}, {"model": "core.employeerequest", "pk": 47, "fields": {"sent_time": "2017-08-20T08:33:39.319Z", "subject": "Employee Change Request", "text": "Field claimed to be incorrect: role. Current field value is Bartender; Suggestion is put me as waiter", "status": "A", "type": "P", "issuers": [210]}}, {"model": "core.managermessage", "pk": 6, "fields": {"business": "dummy", "sent_time": "2017-06-15T11:19:26.977Z", "subject": "Request status changed", "text": "Your following request has been Rejected by your manager: Field claimed to be incorrect: role. Current field value is Cook; Suggestion is knight", "recipients": []}}, {"model": "core.managermessage", "pk": 7, "fields": {"business": "dummy", "sent_time": "2017-06-15T11:24:44.587Z", "subject": "Request status changed", "text": "Your following request has been Rejected by your manager: Field claimed to be incorrect: role. Current field value is Cook; Suggestion is hairdresser", "recipients": []}}, {"model": "core.managermessage", "pk": 8, "fields": {"business": "dummy", "sent_time": "2017-06-15T12:37:09.903Z", "subject": "Request status changed", "text": "Your following request has been Approved by your manager:\nField claimed to be incorrect: role. Current field value is Cook; Suggestion is sss", "recipients": []}}, {"model": "core.managermessage", "pk": 9, "fields": {"business": "dummy", "sent_time": "2017-06-16T17:08:06.905Z", "subject": "Request status changed", "text": "Your following request has been A by your manager:\n Field claimed to be incorrect: role. Current field value is Cook; Suggestion is gymnatic", "recipients": []}}, {"model": "core.managermessage", "pk": 10, "fields": {"business": "dummy", "sent_time": "2017-06-16T17:18:03.847Z", "subject": "Request status changed", "text": "Your following request has been Approved by your manager:\n Field claimed to be incorrect: role. Current field value is Cook; Suggestion is balerina", "recipients": []}}, {"model": "core.managermessage", "pk": 11, "fields": {"business": "dummy", "sent_time": "2017-06-16T17:35:19.450Z", "subject": "Message from manager", "text": "Your following request has been Approved by your manager:\n Field claimed to be incorrect: started_work_date. Current field value is 2014-05-10; Suggestion is taktak", "recipients": []}}, {"model": "core.managermessage", "pk": 12, "fields": {"business": "dummy", "sent_time": "2017-06-16T17:40:36.453Z", "subject": "Message from manager", "text": "Your following request has been Approved by your manager:\n Field claimed to be incorrect: role. Current field value is Cook; Suggestion is checking", "recipients": []}}, {"model": "core.managermessage", "pk": 13, "fields": {"business": "dummy", "sent_time": "2017-06-24T15:53:45Z", "subject": "Your request status has been changed", "text": "Your following request has been Rejected by your manager:\r\n Field claimed to be incorrect- started_work_date. Current field value is 2017-06-24; Suggestion is you're an asshole", "recipients": []}}, {"model": "core.managermessage", "pk": 14, "fields": {"business": "dummy", "sent_time": "2017-06-24T18:23:49.026Z", "subject": "s", "text": "t", "recipients": []}}, {"model": "core.managermessage", "pk": 15, "fields": {"business": "dummy", "sent_time": "2017-06-25T14:21:11.243Z", "subject": "new subject", "text": "new text", "recipients": []}}, {"model": "core.managermessage", "pk": 16, "fields": {"business": "dummy", "sent_time": "2017-06-26T11:17:37.413Z", "subject": "new_brod_subject", "text": "new_brod_text", "recipients": []}}, {"model": "core.managermessage", "pk": 17, "fields": {"business": "dummy", "sent_time": "2017-06-26T11:20:29.520Z", "subject": "ggg", "text": "ttt", "recipients": []}}, {"model": "core.managermessage", "pk": 18, "fields": {"business": "dummy", "sent_time": "2017-06-26T11:21:34.090Z", "subject": "aaa", "text": "bbb", "recipients": []}}, {"model": "core.managermessage", "pk": 19, "fields": {"business": "dummy", "sent_time": "2017-06-26T11:22:24.612Z", "subject": "aaa", "text": "bbb", "recipients": []}}, {"model": "core.managermessage", "pk": 20, "fields": {"business": "dummy", "sent_time": "2017-06-26T11:26:31.080Z", "subject": "ttt", "text": "hhhh", "recipients": []}}, {"model": "core.managermessage", "pk": 21, "fields": {"business": "dummy", "sent_time": "2017-06-26T13:33:26.603Z", "subject": "aaa", "text": "bbb", "recipients": []}}, {"model": "core.managermessage", "pk": 22, "fields": {"business": "dummy", "sent_time": "2017-06-26T13:35:36.873Z", "subject": "1", "text": "2", "recipients": []}}, {"model": "core.managermessage", "pk": 23, "fields": {"business": "dummy", "sent_time": "2017-06-26T13:37:26.565Z", "subject": "bb", "text": "cc", "recipients": []}}, {"model": "core.managermessage", "pk": 24, "fields": {"business": "dummy", "sent_time": "2017-06-26T13:48:47.458Z", "subject": "aa", "text": "bb", "recipients": []}}, {"model": "core.managermessage", "pk": 25, "fields": {"business": "dummy", "sent_time": "2017-06-26T13:54:39.488Z", "subject": "n", "text": "m", "recipients": []}}, {"model": "core.managermessage", "pk": 26, "fields": {"business": "dummy", "sent_time": "2017-06-26T16:22:17.971Z", "subject": "roni roni", "text": "nabudi", "recipients": []}}, {"model": "core.managermessage", "pk": 27, "fields": {"business": "dummy", "sent_time": "2017-06-26T17:11:21.985Z", "subject": "h", "text": "h", "recipients": []}}, {"model": "core.managermessage", "pk": 28, "fields": {"business": "Yaldonet", "sent_time": "2017-06-26T17:15:15.772Z", "subject": "gg", "text": "gg", "recipients": [17]}}, {"model": "core.managermessage", "pk": 29, "fields": {"business": "Yaldonet", "sent_time": "2017-06-26T17:17:56.307Z", "subject": "aasda", "text": "asdas", "recipients": [17]}}, {"model": "core.managermessage", "pk": 30, "fields": {"business": "Yaldonet", "sent_time": "2017-06-26T17:21:45.120Z", "subject": "vv", "text": "vv", "recipients": [17]}}, {"model": "core.managermessage", "pk": 31, "fields": {"business": "Yaldonet", "sent_time": "2017-06-26T17:22:44.514Z", "subject": "toto", "text": "toto", "recipients": [17]}}, {"model": "core.managermessage", "pk": 32, "fields": {"business": "Yaldonet", "sent_time": "2017-06-26T17:23:51.170Z", "subject": "asd", "text": "asd", "recipients": [17]}}, {"model": "core.managermessage", "pk": 33, "fields": {"business": "Yaldonet", "sent_time": "2017-06-26T17:24:26.318Z", "subject": "vv", "text": "vv", "recipients": [17]}}, {"model": "core.managermessage", "pk": 34, "fields": {"business": "Yaldonet", "sent_time": "2017-06-26T17:26:19.082Z", "subject": "im roni", "text": "your manager", "recipients": [17]}}, {"model": "core.managermessage", "pk": 35, "fields": {"business": "Yaldonet", "sent_time": "2017-06-26T17:30:13.780Z", "subject": "sfd", "text": "sfd", "recipients": [17]}}, {"model": "core.managermessage", "pk": 36, "fields": {"business": "Yaldonet", "sent_time": "2017-06-28T13:53:35.210Z", "subject": "blb", "text": "sdlp", "recipients": [17]}}, {"model": "core.managermessage", "pk": 37, "fields": {"business": "Yaldonet", "sent_time": "2017-06-28T13:55:08.954Z", "subject": "aaa", "text": "bbb", "recipients": [17]}}, {"model": "core.managermessage", "pk": 38, "fields": {"business": "Yaldonet", "sent_time": "2017-06-28T13:56:17.657Z", "subject": "adas", "text": "asdad", "recipients": [17]}}, {"model": "core.managermessage", "pk": 39, "fields": {"business": "Yaldonet", "sent_time": "2017-06-28T14:12:55.840Z", "subject": "aaa", "text": "aaa", "recipients": [17]}}, {"model": "core.managermessage", "pk": 40, "fields": {"business": "Yaldonet", "sent_time": "2017-06-28T14:18:15.459Z", "subject": "hh", "text": "hh", "recipients": [17]}}, {"model": "core.managermessage", "pk": 41, "fields": {"business": "Yaldonet", "sent_time": "2017-06-29T08:26:32.573Z", "subject": "yt", "text": "ty", "recipients": [17]}}, {"model": "core.managermessage", "pk": 42, "fields": {"business": "Yaldonet", "sent_time": "2017-06-29T08:28:09.009Z", "subject": "oo", "text": "oo", "recipients": [17]}}, {"model": "core.managermessage", "pk": 43, "fields": {"business": "dummy", "sent_time": "2017-06-29T14:27:11.263Z", "subject": "Your request status has been changed", "text": "Your following request has been Rejected by your manager:\n Field claimed to be incorrect: started_work_date. Current field value is 2014-05-10; Suggestion is aaa", "recipients": []}}, {"model": "core.managermessage", "pk": 44, "fields": {"business": "dummy", "sent_time": "2017-06-29T14:27:21.834Z", "subject": "Your request status has been changed", "text": "Your following request has been Approved by your manager:\n Field claimed to be incorrect: started_work_date. Current field value is 2014-05-10; Suggestion is not good", "recipients": []}}, {"model": "core.managermessage", "pk": 45, "fields": {"business": "dummy", "sent_time": "2017-07-02T07:58:58.415Z", "subject": "Your request status has been changed", "text": "Your following request has been Approved by your manager:\n Field claimed to be incorrect: started_work_date. Current field value is 2014-05-10; Suggestion is aaa", "recipients": []}}, {"model": "core.managermessage", "pk": 46, "fields": {"business": "dummy", "sent_time": "2017-07-02T07:59:33.872Z", "subject": "Your request status has been changed", "text": "Your following request has been Approved by your manager:\n Field claimed to be incorrect: started_work_date. Current field value is 2014-05-10; Suggestion is tomtom", "recipients": []}}, {"model": "core.managermessage", "pk": 47, "fields": {"business": "dummy", "sent_time": "2017-07-04T13:42:28.164Z", "subject": "Your request status has been changed", "text": "Your following request has been Approved by your manager:\n Field claimed to be incorrect: started_work_date. Current field value is 2014-05-10; Suggestion is ", "recipients": []}}, {"model": "core.managermessage", "pk": 48, "fields": {"business": "dummy", "sent_time": "2017-07-04T13:42:35.680Z", "subject": "Your request status has been changed", "text": "Your following request has been Rejected by your manager:\n Field claimed to be incorrect: started_work_date. Current field value is 2014-05-10; Suggestion is aaa", "recipients": []}}, {"model": "core.managermessage", "pk": 49, "fields": {"business": "dummy", "sent_time": "2017-07-04T14:40:41.685Z", "subject": "Your request status has been changed", "text": "Your following request has been Rejected by your manager:\n Field claimed to be incorrect: started_work_date. Current field value is 2014-05-10; Suggestion is ", "recipients": []}}, {"model": "core.managermessage", "pk": 50, "fields": {"business": "dummy", "sent_time": "2017-07-04T14:43:16.377Z", "subject": "Your request status has been changed", "text": "Your following request has been Approved by your manager:\n Field claimed to be incorrect: started_work_date. Current field value is 2014-05-10; Suggestion is akslnd", "recipients": []}}, {"model": "core.managermessage", "pk": 51, "fields": {"business": "dummy", "sent_time": "2017-07-04T14:43:56.071Z", "subject": "Your request status has been changed", "text": "Your following request has been Approved by your manager:\n Field claimed to be incorrect: started_work_date. Current field value is 2014-05-10; Suggestion is aaa", "recipients": []}}, {"model": "core.managermessage", "pk": 52, "fields": {"business": "dummy", "sent_time": "2017-07-04T14:44:21.304Z", "subject": "Your request status has been changed", "text": "Your following request has been Rejected by your manager:\n Field claimed to be incorrect: started_work_date. Current field value is 2014-05-10; Suggestion is 3", "recipients": []}}, {"model": "core.managermessage", "pk": 53, "fields": {"business": "dummy", "sent_time": "2017-07-04T14:44:53.071Z", "subject": "Your request status has been changed", "text": "Your following request has been Rejected by your manager:\n Field claimed to be incorrect: started_work_date. Current field value is 2014-05-10; Suggestion is aa", "recipients": []}}, {"model": "core.managermessage", "pk": 54, "fields": {"business": "dummy", "sent_time": "2017-07-04T14:45:14.537Z", "subject": "Your request status has been changed", "text": "Your following request has been Approved by your manager:\n Field claimed to be incorrect: started_work_date. Current field value is 2014-05-10; Suggestion is aaa", "recipients": []}}, {"model": "core.managermessage", "pk": 55, "fields": {"business": "dummy", "sent_time": "2017-07-05T14:17:10.916Z", "subject": "Your request status has been changed", "text": "Your following request has been Approved by your manager:\n Field claimed to be incorrect: started_work_date. Current field value is 2014-05-10; Suggestion is xxx", "recipients": []}}, {"model": "core.managermessage", "pk": 56, "fields": {"business": "dummy", "sent_time": "2017-07-05T14:29:02.578Z", "subject": "Your request status has been changed", "text": "Your following request has been Approved by your manager:\n Field claimed to be incorrect: started_work_date. Current field value is 2014-05-10; Suggestion is wrong", "recipients": []}}, {"model": "core.managermessage", "pk": 57, "fields": {"business": "dummy", "sent_time": "2017-07-05T14:29:09.279Z", "subject": "Your request status has been changed", "text": "Your following request has been Approved by your manager:\n Field claimed to be incorrect: started_work_date. Current field value is 2014-05-10; Suggestion is s", "recipients": []}}, {"model": "core.managermessage", "pk": 58, "fields": {"business": "dummy", "sent_time": "2017-07-05T14:30:24.574Z", "subject": "Your request status has been changed", "text": "Your following request has been Approved by your manager:\n Field claimed to be incorrect: started_work_date. Current field value is 2014-05-10; Suggestion is aa", "recipients": []}}, {"model": "core.managermessage", "pk": 59, "fields": {"business": "dummy", "sent_time": "2017-07-05T14:30:50.768Z", "subject": "Your request status has been changed", "text": "Your following request has been Approved by your manager:\n Field claimed to be incorrect: started_work_date. Current field value is 2014-05-10; Suggestion is aa", "recipients": []}}, {"model": "core.managermessage", "pk": 60, "fields": {"business": "dummy", "sent_time": "2017-07-05T14:31:38.626Z", "subject": "Your request status has been changed", "text": "Your following request has been Approved by your manager:\n Field claimed to be incorrect: role. Current field value is Cook; Suggestion is nn", "recipients": []}}, {"model": "core.managermessage", "pk": 61, "fields": {"business": "dummy", "sent_time": "2017-07-05T14:31:54.681Z", "subject": "Your request status has been changed", "text": "Your following request has been Approved by your manager:\n Field claimed to be incorrect: started_work_date. Current field value is 2014-05-10; Suggestion is bbb", "recipients": []}}, {"model": "core.managermessage", "pk": 62, "fields": {"business": "dummy", "sent_time": "2017-07-05T14:32:20.581Z", "subject": "Your request status has been changed", "text": "Your following request has been Rejected by your manager:\n Field claimed to be incorrect: started_work_date. Current field value is 2014-05-10; Suggestion is aaa", "recipients": []}}, {"model": "core.managermessage", "pk": 63, "fields": {"business": "dummy", "sent_time": "2017-07-05T14:34:12.093Z", "subject": "Your request status has been changed", "text": "Your following request has been Approved by your manager:\n Field claimed to be incorrect: started_work_date. Current field value is 2014-05-10; Suggestion is ttt", "recipients": []}}, {"model": "core.managermessage", "pk": 64, "fields": {"business": "dummy", "sent_time": "2017-07-05T14:34:22.339Z", "subject": "Your request status has been changed", "text": "Your following request has been Approved by your manager:\n Field claimed to be incorrect: started_work_date. Current field value is 2014-05-10; Suggestion is vv", "recipients": []}}, {"model": "core.managermessage", "pk": 65, "fields": {"business": "dummy", "sent_time": "2017-07-05T14:34:26.317Z", "subject": "Your request status has been changed", "text": "Your following request has been Approved by your manager:\n Field claimed to be incorrect: started_work_date. Current field value is 2014-05-10; Suggestion is hhh", "recipients": []}}, {"model": "core.managermessage", "pk": 66, "fields": {"business": "dummy", "sent_time": "2017-07-05T14:34:36.665Z", "subject": "Your request status has been changed", "text": "Your following request has been Approved by your manager:\n Field claimed to be incorrect: started_work_date. Current field value is 2014-05-10; Suggestion is bbb", "recipients": []}}, {"model": "core.managermessage", "pk": 67, "fields": {"business": "dummy", "sent_time": "2017-07-05T14:34:40.230Z", "subject": "Your request status has been changed", "text": "Your following request has been Rejected by your manager:\n Field claimed to be incorrect: started_work_date. Current field value is 2014-05-10; Suggestion is ttt", "recipients": []}}, {"model": "core.managermessage", "pk": 68, "fields": {"business": "dummy", "sent_time": "2017-07-14T21:36:51.098Z", "subject": "Your request status has been changed", "text": "Your following request has been Approved by your manager:\n Field claimed to be incorrect: started_work_date. Current field value is 2014-05-10; Suggestion is ggh", "recipients": []}}, {"model": "core.managermessage", "pk": 69, "fields": {"business": "dummy", "sent_time": "2017-07-14T23:30:05.048Z", "subject": "tiktak", "text": "taktik", "recipients": []}}, {"model": "core.managermessage", "pk": 70, "fields": {"business": "FrogFrog", "sent_time": "2017-07-28T10:32:27.968Z", "subject": "new employees", "text": "you are all fired", "recipients": [200]}}, {"model": "core.managermessage", "pk": 71, "fields": {"business": "FrogFrog", "sent_time": "2017-07-28T10:35:18.892Z", "subject": "Your request status has been changed", "text": "Your following request has been Approved by your manager:\n Field claimed to be incorrect: started_work_date. Current field value is 2017-07-28; Suggestion is you're scam", "recipients": []}}, {"model": "core.managermessage", "pk": 72, "fields": {"business": "FrogFrog", "sent_time": "2017-07-28T10:35:40.214Z", "subject": "hi toto", "text": "shalom", "recipients": [200]}}, {"model": "core.managermessage", "pk": 73, "fields": {"business": "dummy", "sent_time": "2017-08-01T16:09:04.603Z", "subject": "Your request status has been changed", "text": "Your following request has been Approved by your manager:\n Field claimed to be incorrect: role. Current field value is Bartender; Suggestion is fix it", "recipients": []}}, {"model": "core.managermessage", "pk": 74, "fields": {"business": "dummy", "sent_time": "2017-08-07T16:28:07.876Z", "subject": "Your request status has been changed", "text": "Your following request has been Rejected by your manager:\n Field claimed to be incorrect: started_work_date. Current field value is 2017-08-07; Suggestion is fix it please", "recipients": []}}, {"model": "core.managermessage", "pk": 75, "fields": {"business": "ZvikaBuiss", "sent_time": "2017-08-20T07:23:14.610Z", "subject": "new mssage", "text": "new message", "recipients": [210]}}, {"model": "core.managermessage", "pk": 76, "fields": {"business": "ZvikaBuiss", "sent_time": "2017-08-20T07:31:47.697Z", "subject": "Your request status has been changed", "text": "Your following request has been Approved by your manager:\n Field claimed to be incorrect: started_work_date. Current field value is 2017-08-20; Suggestion is that's wrong", "recipients": [210]}}, {"model": "core.managermessage", "pk": 77, "fields": {"business": "dummy", "sent_time": "2017-08-20T08:15:25.242Z", "subject": "Shift requests are now enabled", "text": "Your manager has enabled shifts requests for next week. Go ahead and submit them!", "recipients": []}}, {"model": "core.managermessage", "pk": 78, "fields": {"business": "dummy", "sent_time": "2017-08-20T08:15:39.294Z", "subject": "Shift requests are now enabled", "text": "Your manager has enabled shifts requests for next week. Go ahead and submit them!", "recipients": []}}, {"model": "core.managermessage", "pk": 79, "fields": {"business": "dummy", "sent_time": "2017-08-20T08:15:49.484Z", "subject": "Shift requests are now enabled", "text": "Your manager has enabled shifts requests for next week. Go ahead and submit them!", "recipients": []}}, {"model": "core.managermessage", "pk": 80, "fields": {"business": "dummy", "sent_time": "2017-08-20T08:26:19.387Z", "subject": "Shift requests are now enabled", "text": "Your manager has enabled shifts requests for next week. Go ahead and submit them!", "recipients": []}}, {"model": "core.managermessage", "pk": 81, "fields": {"business": "dummy", "sent_time": "2017-08-20T08:26:33.502Z", "subject": "Shift requests are now enabled", "text": "Your manager has enabled shifts requests for next week. Go ahead and submit them!", "recipients": []}}, {"model": "core.managermessage", "pk": 82, "fields": {"business": "dummy", "sent_time": "2017-08-20T08:27:14.493Z", "subject": "Shift requests are now enabled", "text": "Your manager has enabled shifts requests for next week. Go ahead and submit them!", "recipients": []}}, {"model": "core.managermessage", "pk": 83, "fields": {"business": "dummy", "sent_time": "2017-08-20T08:27:42.309Z", "subject": "Shift requests are now enabled", "text": "Your manager has enabled shifts requests for next week. Go ahead and submit them!", "recipients": []}}, {"model": "core.managermessage", "pk": 84, "fields": {"business": "ZvikaBuiss", "sent_time": "2017-08-20T08:34:56.417Z", "subject": "Your request status has been changed", "text": "Your following request has been Approved by your manager:\n Field claimed to be incorrect: role. Current field value is Bartender; Suggestion is put me as waiter", "recipients": [210]}}, {"model": "core.managermessage", "pk": 85, "fields": {"business": "ZvikaBuiss", "sent_time": "2017-08-20T08:40:47.352Z", "subject": "Shift requests are now enabled", "text": "Your manager has enabled shifts requests for next week. Go ahead and submit them!", "recipients": [210]}}, {"model": "core.managermessage", "pk": 86, "fields": {"business": "ZvikaBuiss", "sent_time": "2017-08-20T08:52:15.006Z", "subject": "Shift requests are now enabled", "text": "Your manager has enabled shifts requests for next week. Go ahead and submit them!", "recipients": [210]}}, {"model": "core.managermessage", "pk": 87, "fields": {"business": "ZvikaBuiss", "sent_time": "2017-08-20T08:55:34.549Z", "subject": "Shift requests are now enabled", "text": "Your manager has enabled shifts requests for next week. Go ahead and submit them!", "recipients": [210]}}, {"model": "core.managermessage", "pk": 88, "fields": {"business": "ZvikaBuiss", "sent_time": "2017-08-20T09:00:44.924Z", "subject": "Shift requests are now enabled", "text": "Your manager has enabled shifts requests for next week. Go ahead and submit them!", "recipients": []}}, {"model": "core.managermessage", "pk": 89, "fields": {"business": "ZvikaBuiss", "sent_time": "2017-08-20T09:06:00.150Z", "subject": "Shift requests are now enabled", "text": "Your manager has enabled shifts requests for next week. Go ahead and submit them!", "recipients": [210]}}, {"model": "core.managermessage", "pk": 90, "fields": {"business": "ZvikaBuiss", "sent_time": "2017-08-20T09:14:19.556Z", "subject": "Shift requests are now disabled", "text": "Your manager has disabled shifts requests for next week.", "recipients": [210]}}, {"model": "core.managermessage", "pk": 91, "fields": {"business": "dummy", "sent_time": "2017-08-20T09:26:23.501Z", "subject": "Shift requests are now enabled", "text": "Your manager has enabled shifts requests for next week.", "recipients": []}}, {"model": "core.managermessage", "pk": 92, "fields": {"business": "dummy", "sent_time": "2017-08-20T11:21:22.901Z", "subject": "Shift requests are now disabled", "text": "Your manager has disabled shifts requests for next week.", "recipients": []}}, {"model": "core.holiday", "pk": "2017-01-01", "fields": {"name": "Chanukah: 8th Day"}}, {"model": "core.holiday", "pk": "2017-02-11", "fields": {"name": "Tu BiShvat"}}, {"model": "core.holiday", "pk": "2017-03-11", "fields": {"name": "Erev Purim"}}, {"model": "core.holiday", "pk": "2017-03-12", "fields": {"name": "Purim"}}, {"model": "core.holiday", "pk": "2017-03-13", "fields": {"name": "Shushan Purim"}}, {"model": "core.holiday", "pk": "2017-04-10", "fields": {"name": "Erev Pesach"}}, {"model": "core.holiday", "pk": "2017-04-11", "fields": {"name": "Pesach I"}}, {"model": "core.holiday", "pk": "2017-04-12", "fields": {"name": "Pesach II"}}, {"model": "core.holiday", "pk": "2017-04-13", "fields": {"name": "Pesach III (CH''M)"}}, {"model": "core.holiday", "pk": "2017-04-14", "fields": {"name": "Pesach IV (CH''M)"}}, {"model": "core.holiday", "pk": "2017-04-15", "fields": {"name": "Pesach V (CH''M)"}}, {"model": "core.holiday", "pk": "2017-04-16", "fields": {"name": "Pesach VI (CH''M)"}}, {"model": "core.holiday", "pk": "2017-04-17", "fields": {"name": "Pesach VII"}}, {"model": "core.holiday", "pk": "2017-04-18", "fields": {"name": "Pesach VIII"}}, {"model": "core.holiday", "pk": "2017-04-24", "fields": {"name": "Yom HaShoah"}}, {"model": "core.holiday", "pk": "2017-05-01", "fields": {"name": "Yom HaZikaron"}}, {"model": "core.holiday", "pk": "2017-05-02", "fields": {"name": "Yom HaAtzma'ut"}}, {"model": "core.holiday", "pk": "2017-05-10", "fields": {"name": "Pesach Sheni"}}, {"model": "core.holiday", "pk": "2017-05-14", "fields": {"name": "Lag BaOmer"}}, {"model": "core.holiday", "pk": "2017-05-24", "fields": {"name": "Yom Yerushalayim"}}, {"model": "core.holiday", "pk": "2017-05-30", "fields": {"name": "Erev Shavuot"}}, {"model": "core.holiday", "pk": "2017-05-31", "fields": {"name": "Shavuot I"}}, {"model": "core.holiday", "pk": "2017-06-01", "fields": {"name": "Shavuot II"}}, {"model": "core.holiday", "pk": "2017-07-31", "fields": {"name": "Erev Tish'a B'Av"}}, {"model": "core.holiday", "pk": "2017-08-01", "fields": {"name": "Tish'a B'Av"}}, {"model": "core.holiday", "pk": "2017-08-07", "fields": {"name": "Tu B'Av"}}, {"model": "core.holiday", "pk": "2017-08-08", "fields": {"name": "Pitz birthday"}}, {"model": "core.holiday", "pk": "2017-09-16", "fields": {"name": "Leil Selichot"}}, {"model": "core.holiday", "pk": "2017-09-20", "fields": {"name": "Erev Rosh Hashana"}}, {"model": "core.holiday", "pk": "2017-09-21", "fields": {"name": "Rosh Hashana 5778"}}, {"model": "core.holiday", "pk": "2017-09-22", "fields": {"name": "Rosh Hashana II"}}, {"model": "core.holiday", "pk": "2017-09-29", "fields": {"name": "Erev Yom Kippur"}}, {"model": "core.holiday", "pk": "2017-09-30", "fields": {"name": "Yom Kippur"}}, {"model": "core.holiday", "pk": "2017-10-04", "fields": {"name": "Erev Sukkot"}}, {"model": "core.holiday", "pk": "2017-10-05", "fields": {"name": "Sukkot I"}}, {"model": "core.holiday", "pk": "2017-10-06", "fields": {"name": "Sukkot II"}}, {"model": "core.holiday", "pk": "2017-10-07", "fields": {"name": "Sukkot III (CH''M)"}}, {"model": "core.holiday", "pk": "2017-10-08", "fields": {"name": "Sukkot IV (CH''M)"}}, {"model": "core.holiday", "pk": "2017-10-09", "fields": {"name": "Sukkot V (CH''M)"}}, {"model": "core.holiday", "pk": "2017-10-10", "fields": {"name": "Sukkot VI (CH''M)"}}, {"model": "core.holiday", "pk": "2017-10-11", "fields": {"name": "Sukkot VII (Hoshana Raba)"}}, {"model": "core.holiday", "pk": "2017-10-12", "fields": {"name": "Shmini Atzeret"}}, {"model": "core.holiday", "pk": "2017-10-13", "fields": {"name": "Simchat Torah"}}, {"model": "core.holiday", "pk": "2017-10-27", "fields": {"name": "Yom HaAliyah"}}, {"model": "core.holiday", "pk": "2017-11-18", "fields": {"name": "Sigd"}}, {"model": "core.holiday", "pk": "2017-12-12", "fields": {"name": "Chanukah: 1 Candle"}}, {"model": "core.holiday", "pk": "2017-12-13", "fields": {"name": "Chanukah: 2 Candles"}}, {"model": "core.holiday", "pk": "2017-12-14", "fields": {"name": "Chanukah: 3 Candles"}}, {"model": "core.holiday", "pk": "2017-12-15", "fields": {"name": "Chanukah: 4 Candles"}}, {"model": "core.holiday", "pk": "2017-12-16", "fields": {"name": "Chanukah: 5 Candles"}}, {"model": "core.holiday", "pk": "2017-12-17", "fields": {"name": "Chanukah: 6 Candles"}}, {"model": "core.holiday", "pk": "2017-12-18", "fields": {"name": "Chanukah: 7 Candles"}}, {"model": "core.holiday", "pk": "2017-12-19", "fields": {"name": "Chanukah: 8 Candles"}}, {"model": "core.holiday", "pk": "2017-12-20", "fields": {"name": "Chanukah: 8th Day"}}, {"model": "core.shiftslot", "pk": 29, "fields": {"business": "dummy", "year": 2017, "week": 31, "day": "3", "start_hour": "09:00:00", "end_hour": "11:11:00", "constraints": "{\"waiter\": {\"num\": 1}, \"cook\": {\"num\": 1}, \"bartender\": {\"num\": 1}}", "holiday": null}}, {"model": "core.shiftslot", "pk": 30, "fields": {"business": "dummy", "year": 2017, "week": 31, "day": "5", "start_hour": "09:00:00", "end_hour": "12:00:00", "constraints": "{\"waiter\": {\"age\": {\"apply_on\": 1, \"val\": 22, \"op\": \"gte\"}, \"num\": 1}, \"cook\": {\"num\": 1}, \"bartender\": {\"num\": 1}}", "holiday": null}}, {"model": "core.shiftslot", "pk": 31, "fields": {"business": "dummy", "year": 2017, "week": 31, "day": "2", "start_hour": "13:00:00", "end_hour": "16:00:00", "constraints": "{\"waiter\": {\"num\": 1}, \"cook\": {\"num\": 1}, \"bartender\": {\"num\": 1}}", "holiday": null}}, {"model": "core.shiftslot", "pk": 32, "fields": {"business": "dummy", "year": 2017, "week": 31, "day": "5", "start_hour": "14:00:00", "end_hour": "18:00:00", "constraints": "{\"waiter\": {\"num\": 1}, \"cook\": {\"num\": 1}, \"bartender\": {\"num\": 1}}", "holiday": null}}, {"model": "core.shiftslot", "pk": 33, "fields": {"business": "dummy", "year": 2017, "week": 31, "day": "1", "start_hour": "12:00:00", "end_hour": "17:00:00", "constraints": "{\"waiter\": {\"average\": {\"apply_on\": 1, \"val\": 5.0, \"op\": \"lte\"}, \"num\": 1, \"months\": {\"apply_on\": 1, \"val\": 2, \"op\": \"lte\"}}, \"cook\": {\"num\": 1}, \"bartender\": {\"gender\": {\"apply_on\": 1, \"val\": \"M\", \"op\": \"eq\"}, \"num\": 1}}", "holiday": null}}, {"model": "core.shiftslot", "pk": 34, "fields": {"business": "dummy", "year": 2017, "week": 31, "day": "4", "start_hour": "09:00:00", "end_hour": "12:00:00", "constraints": "{\"waiter\": {\"age\": {\"apply_on\": 1, \"val\": 25, \"op\": \"eq\"}, \"num\": 1}, \"cook\": {\"num\": 1}, \"bartender\": {\"num\": 1}}", "holiday": null}}, {"model": "core.shiftslot", "pk": 37, "fields": {"business": "dummy", "year": 2017, "week": 32, "day": "2", "start_hour": "17:00:00", "end_hour": "18:00:00", "constraints": "{\"waiter\": {\"num\": 1}, \"cook\": {\"num\": 1}, \"bartender\": {\"num\": 1}}", "holiday": "2017-08-07"}}, {"model": "core.shiftslot", "pk": 38, "fields": {"business": "dummy", "year": 2017, "week": 32, "day": "2", "start_hour": "09:00:00", "end_hour": "14:00:00", "constraints": "{\"waiter\": {\"gender\": {\"apply_on\": 1, \"val\": \"F\", \"op\": \"eq\"}, \"num\": 2}, \"cook\": {\"num\": 1}, \"bartender\": {\"num\": 1}}", "holiday": "2017-08-07"}}, {"model": "core.shiftslot", "pk": 39, "fields": {"business": "dummy", "year": 2017, "week": 32, "day": "3", "start_hour": "14:00:00", "end_hour": "16:00:00", "constraints": "{\"waiter\": {\"num\": 2}, \"cook\": {\"num\": 1}, \"bartender\": {\"num\": 1}}", "holiday": null}}, {"model": "core.shiftslot", "pk": 40, "fields": {"business": "dummy", "year": 2017, "week": 32, "day": "4", "start_hour": "08:00:00", "end_hour": "12:30:00", "constraints": "{\"waiter\": {\"num\": 1}, \"cook\": {\"num\": 1}, \"bartender\": {\"num\": 1}}", "holiday": null}}, {"model": "core.shiftslot", "pk": 41, "fields": {"business": "dummy", "year": 2017, "week": 32, "day": "5", "start_hour": "18:00:00", "end_hour": "21:30:00", "constraints": "{\"waiter\": {\"num\": 1}, \"cook\": {\"num\": 3}, \"bartender\": {\"num\": 1}}", "holiday": null}}, {"model": "core.shiftslot", "pk": 42, "fields": {"business": "dummy", "year": 2017, "week": 32, "day": "6", "start_hour": "08:00:00", "end_hour": "13:00:00", "constraints": "{\"waiter\": {\"age\": {\"apply_on\": 1, \"val\": 23, \"op\": \"gte\"}, \"num\": 1}, \"cook\": {\"num\": 1}, \"bartender\": {\"num\": 1}}", "holiday": null}}, {"model": "core.shiftslot", "pk": 43, "fields": {"business": "dummy", "year": 2017, "week": 33, "day": "1", "start_hour": "10:00:00", "end_hour": "13:30:00", "constraints": "{\"waiter\": {\"num\": 1, \"months\": {\"apply_on\": 1, \"val\": 11, \"op\": \"gte\"}}, \"cook\": {\"num\": 1}, \"bartender\": {\"num\": 1}}", "holiday": null}}, {"model": "core.shiftslot", "pk": 44, "fields": {"business": "dummy", "year": 2017, "week": 33, "day": "3", "start_hour": "07:00:00", "end_hour": "10:00:00", "constraints": "{\"waiter\": {\"gender\": {\"apply_on\": 1, \"val\": \"M\", \"op\": \"eq\"}, \"average\": {\"apply_on\": 1, \"val\": 5.0, \"op\": \"gte\"}, \"num\": 1}, \"cook\": {\"num\": 1}, \"bartender\": {\"num\": 1}}", "holiday": null}}, {"model": "core.shiftslot", "pk": 49, "fields": {"business": "dummy", "year": 2017, "week": 34, "day": "1", "start_hour": "07:00:00", "end_hour": "10:00:00", "constraints": "{\"waiter\": {\"num\": 1}, \"cook\": {\"num\": 1}, \"bartender\": {\"num\": 1}}", "holiday": null}}, {"model": "core.shiftslot", "pk": 50, "fields": {"business": "dummy", "year": 2017, "week": 35, "day": "2", "start_hour": "09:00:00", "end_hour": "10:00:00", "constraints": "{\"waiter\": {\"num\": 1}, \"cook\": {\"num\": 1}, \"bartender\": {\"num\": 1}}", "holiday": null}}, {"model": "core.shiftslot", "pk": 51, "fields": {"business": "dummy", "year": 2017, "week": 35, "day": "3", "start_hour": "10:00:00", "end_hour": "13:30:00", "constraints": "{\"waiter\": {\"num\": 1}, \"cook\": {\"num\": 1}, \"bartender\": {\"num\": 1}}", "holiday": null}}, {"model": "core.shiftslot", "pk": 52, "fields": {"business": "dummy", "year": 2017, "week": 35, "day": "5", "start_hour": "08:00:00", "end_hour": "11:00:00", "constraints": "{\"waiter\": {\"num\": 1}, \"cook\": {\"num\": 1}, \"bartender\": {\"num\": 1}}", "holiday": null}}, {"model": "admin.logentry", "pk": 6, "fields": {"action_time": "2017-04-29T11:07:54.323Z", "user": 17, "content_type": 9, "object_id": "7", "object_repr": "naftali", "action_flag": 3, "change_message": ""}}, {"model": "admin.logentry", "pk": 7, "fields": {"action_time": "2017-04-29T11:07:54.441Z", "user": 17, "content_type": 9, "object_id": "5", "object_repr": "nono", "action_flag": 3, "change_message": ""}}, {"model": "admin.logentry", "pk": 8, "fields": {"action_time": "2017-04-29T11:07:54.528Z", "user": 17, "content_type": 9, "object_id": "4", "object_repr": "rrr", "action_flag": 3, "change_message": ""}}, {"model": "admin.logentry", "pk": 9, "fields": {"action_time": "2017-04-29T11:07:54.606Z", "user": 17, "content_type": 9, "object_id": "3", "object_repr": "nnnn", "action_flag": 3, "change_message": ""}}, {"model": "admin.logentry", "pk": 10, "fields": {"action_time": "2017-04-29T11:07:54.774Z", "user": 17, "content_type": 9, "object_id": "2", "object_repr": "adasdasdad", "action_flag": 3, "change_message": ""}}, {"model": "admin.logentry", "pk": 11, "fields": {"action_time": "2017-04-29T11:07:54.838Z", "user": 17, "content_type": 9, "object_id": "1", "object_repr": "toto", "action_flag": 3, "change_message": ""}}, {"model": "admin.logentry", "pk": 12, "fields": {"action_time": "2017-04-29T11:08:05.805Z", "user": 17, "content_type": 9, "object_id": "8", "object_repr": "roy", "action_flag": 2, "change_message": "[{\"changed\": {\"fields\": [\"role\"]}}]"}}, {"model": "admin.logentry", "pk": 13, "fields": {"action_time": "2017-04-29T11:09:02.921Z", "user": 17, "content_type": 3, "object_id": "11", "object_repr": "adasdasdad", "action_flag": 3, "change_message": ""}}, {"model": "admin.logentry", "pk": 14, "fields": {"action_time": "2017-04-29T11:09:03.054Z", "user": 17, "content_type": 3, "object_id": "9", "object_repr": "hhhhh", "action_flag": 3, "change_message": ""}}, {"model": "admin.logentry", "pk": 15, "fields": {"action_time": "2017-04-29T11:09:03.129Z", "user": 17, "content_type": 3, "object_id": "10", "object_repr": "kln", "action_flag": 3, "change_message": ""}}, {"model": "admin.logentry", "pk": 16, "fields": {"action_time": "2017-04-29T11:09:03.224Z", "user": 17, "content_type": 3, "object_id": "16", "object_repr": "naftali", "action_flag": 3, "change_message": ""}}, {"model": "admin.logentry", "pk": 17, "fields": {"action_time": "2017-04-29T11:09:03.340Z", "user": 17, "content_type": 3, "object_id": "12", "object_repr": "nnnn", "action_flag": 3, "change_message": ""}}, {"model": "admin.logentry", "pk": 18, "fields": {"action_time": "2017-04-29T11:09:03.407Z", "user": 17, "content_type": 3, "object_id": "14", "object_repr": "nono", "action_flag": 3, "change_message": ""}}, {"model": "admin.logentry", "pk": 19, "fields": {"action_time": "2017-04-29T11:09:03.495Z", "user": 17, "content_type": 3, "object_id": "15", "object_repr": "roro", "action_flag": 3, "change_message": ""}}, {"model": "admin.logentry", "pk": 20, "fields": {"action_time": "2017-04-29T11:09:03.587Z", "user": 17, "content_type": 3, "object_id": "13", "object_repr": "rrr", "action_flag": 3, "change_message": ""}}, {"model": "admin.logentry", "pk": 21, "fields": {"action_time": "2017-04-29T11:09:03.674Z", "user": 17, "content_type": 3, "object_id": "6", "object_repr": "rsegev", "action_flag": 3, "change_message": ""}}, {"model": "admin.logentry", "pk": 22, "fields": {"action_time": "2017-04-29T11:09:03.810Z", "user": 17, "content_type": 3, "object_id": "8", "object_repr": "toto", "action_flag": 3, "change_message": ""}}, {"model": "admin.logentry", "pk": 23, "fields": {"action_time": "2017-04-29T11:09:03.907Z", "user": 17, "content_type": 3, "object_id": "7", "object_repr": "yossi", "action_flag": 3, "change_message": ""}}, {"model": "admin.logentry", "pk": 24, "fields": {"action_time": "2017-04-29T11:15:10.348Z", "user": 17, "content_type": 4, "object_id": "1", "object_repr": "Managers", "action_flag": 2, "change_message": "[]"}}, {"model": "admin.logentry", "pk": 25, "fields": {"action_time": "2017-05-01T12:52:28.466Z", "user": 17, "content_type": 3, "object_id": "24", "object_repr": "Roni", "action_flag": 3, "change_message": ""}}, {"model": "admin.logentry", "pk": 26, "fields": {"action_time": "2017-05-01T12:52:28.596Z", "user": 17, "content_type": 3, "object_id": "26", "object_repr": "aas", "action_flag": 3, "change_message": ""}}, {"model": "admin.logentry", "pk": 27, "fields": {"action_time": "2017-05-01T12:52:28.696Z", "user": 17, "content_type": 3, "object_id": "22", "object_repr": "emaohi", "action_flag": 3, "change_message": ""}}, {"model": "admin.logentry", "pk": 28, "fields": {"action_time": "2017-05-01T12:52:28.797Z", "user": 17, "content_type": 3, "object_id": "25", "object_repr": "loni", "action_flag": 3, "change_message": ""}}, {"model": "admin.logentry", "pk": 29, "fields": {"action_time": "2017-05-01T12:52:28.906Z", "user": 17, "content_type": 3, "object_id": "19", "object_repr": "lushi", "action_flag": 3, "change_message": ""}}, {"model": "admin.logentry", "pk": 30, "fields": {"action_time": "2017-05-01T12:52:29.024Z", "user": 17, "content_type": 3, "object_id": "20", "object_repr": "moti", "action_flag": 3, "change_message": ""}}, {"model": "admin.logentry", "pk": 31, "fields": {"action_time": "2017-05-01T12:52:29.127Z", "user": 17, "content_type": 3, "object_id": "21", "object_repr": "moti222", "action_flag": 3, "change_message": ""}}, {"model": "admin.logentry", "pk": 32, "fields": {"action_time": "2017-05-01T12:52:29.228Z", "user": 17, "content_type": 3, "object_id": "27", "object_repr": "ttt", "action_flag": 3, "change_message": ""}}, {"model": "admin.logentry", "pk": 33, "fields": {"action_time": "2017-05-01T12:52:29.316Z", "user": 17, "content_type": 3, "object_id": "23", "object_repr": "username", "action_flag": 3, "change_message": ""}}, {"model": "admin.logentry", "pk": 34, "fields": {"action_time": "2017-05-01T12:52:29.429Z", "user": 17, "content_type": 3, "object_id": "18", "object_repr": "yaldonet", "action_flag": 3, "change_message": ""}}, {"model": "admin.logentry", "pk": 35, "fields": {"action_time": "2017-05-01T12:52:55.247Z", "user": 17, "content_type": 7, "object_id": "yoyo", "object_repr": "yoyo", "action_flag": 3, "change_message": ""}}, {"model": "admin.logentry", "pk": 36, "fields": {"action_time": "2017-05-01T12:52:55.358Z", "user": 17, "content_type": 7, "object_id": "vbb", "object_repr": "vbb", "action_flag": 3, "change_message": ""}}, {"model": "admin.logentry", "pk": 37, "fields": {"action_time": "2017-05-01T12:52:55.470Z", "user": 17, "content_type": 7, "object_id": "nono", "object_repr": "nono", "action_flag": 3, "change_message": ""}}, {"model": "admin.logentry", "pk": 38, "fields": {"action_time": "2017-05-01T12:52:55.590Z", "user": 17, "content_type": 7, "object_id": "nicestuff", "object_repr": "nicestuff", "action_flag": 3, "change_message": ""}}, {"model": "admin.logentry", "pk": 39, "fields": {"action_time": "2017-05-01T12:52:55.701Z", "user": 17, "content_type": 7, "object_id": "momo", "object_repr": "momo", "action_flag": 3, "change_message": ""}}, {"model": "admin.logentry", "pk": 40, "fields": {"action_time": "2017-05-01T12:52:55.790Z", "user": 17, "content_type": 7, "object_id": "megp", "object_repr": "megp", "action_flag": 3, "change_message": ""}}, {"model": "admin.logentry", "pk": 41, "fields": {"action_time": "2017-05-01T12:52:55.890Z", "user": 17, "content_type": 7, "object_id": "lolo", "object_repr": "lolo", "action_flag": 3, "change_message": ""}}, {"model": "admin.logentry", "pk": 42, "fields": {"action_time": "2017-05-01T12:52:55.990Z", "user": 17, "content_type": 7, "object_id": "lol", "object_repr": "lol", "action_flag": 3, "change_message": ""}}, {"model": "admin.logentry", "pk": 43, "fields": {"action_time": "2017-05-01T12:52:56.102Z", "user": 17, "content_type": 7, "object_id": "flki", "object_repr": "flki", "action_flag": 3, "change_message": ""}}, {"model": "admin.logentry", "pk": 44, "fields": {"action_time": "2017-05-01T12:52:56.189Z", "user": 17, "content_type": 7, "object_id": "fffada", "object_repr": "fffada", "action_flag": 3, "change_message": ""}}, {"model": "admin.logentry", "pk": 45, "fields": {"action_time": "2017-05-01T12:52:56.396Z", "user": 17, "content_type": 7, "object_id": "fff", "object_repr": "fff", "action_flag": 3, "change_message": ""}}, {"model": "admin.logentry", "pk": 46, "fields": {"action_time": "2017-05-01T12:52:56.511Z", "user": 17, "content_type": 7, "object_id": "business", "object_repr": "business", "action_flag": 3, "change_message": ""}}, {"model": "admin.logentry", "pk": 47, "fields": {"action_time": "2017-05-01T12:52:56.600Z", "user": 17, "content_type": 7, "object_id": "adsad", "object_repr": "adsad", "action_flag": 3, "change_message": ""}}, {"model": "admin.logentry", "pk": 48, "fields": {"action_time": "2017-05-01T12:52:56.700Z", "user": 17, "content_type": 7, "object_id": "aaa", "object_repr": "aaa", "action_flag": 3, "change_message": ""}}, {"model": "admin.logentry", "pk": 49, "fields": {"action_time": "2017-05-01T12:52:56.854Z", "user": 17, "content_type": 7, "object_id": "ToniVespa", "object_repr": "ToniVespa", "action_flag": 3, "change_message": ""}}, {"model": "admin.logentry", "pk": 50, "fields": {"action_time": "2017-05-01T12:52:56.966Z", "user": 17, "content_type": 7, "object_id": "Shifty", "object_repr": "Shifty", "action_flag": 3, "change_message": ""}}, {"model": "admin.logentry", "pk": 51, "fields": {"action_time": "2017-05-01T12:52:57.056Z", "user": 17, "content_type": 7, "object_id": "Roni's", "object_repr": "Roni's", "action_flag": 3, "change_message": ""}}, {"model": "admin.logentry", "pk": 52, "fields": {"action_time": "2017-05-01T12:52:57.166Z", "user": 17, "content_type": 7, "object_id": "MotiBusiness", "object_repr": "MotiBusiness", "action_flag": 3, "change_message": ""}}, {"model": "admin.logentry", "pk": 53, "fields": {"action_time": "2017-05-01T12:52:57.289Z", "user": 17, "content_type": 7, "object_id": "Momo", "object_repr": "Momo", "action_flag": 3, "change_message": ""}}, {"model": "admin.logentry", "pk": 54, "fields": {"action_time": "2017-05-01T12:52:57.392Z", "user": 17, "content_type": 7, "object_id": "Makarunim", "object_repr": "Makarunim", "action_flag": 3, "change_message": ""}}, {"model": "admin.logentry", "pk": 55, "fields": {"action_time": "2017-05-01T12:52:57.498Z", "user": 17, "content_type": 7, "object_id": "Bonzo", "object_repr": "Bonzo", "action_flag": 3, "change_message": ""}}, {"model": "admin.logentry", "pk": 56, "fields": {"action_time": "2017-05-01T12:53:05.601Z", "user": 17, "content_type": 7, "object_id": "dummy", "object_repr": "dummy", "action_flag": 2, "change_message": "[{\"changed\": {\"fields\": [\"manager\"]}}]"}}, {"model": "admin.logentry", "pk": 57, "fields": {"action_time": "2017-05-05T15:18:11.830Z", "user": 17, "content_type": 7, "object_id": "Yaldonet", "object_repr": "Yaldonet", "action_flag": 2, "change_message": "[{\"changed\": {\"fields\": [\"tip_method\"]}}]"}}, {"model": "admin.logentry", "pk": 58, "fields": {"action_time": "2017-05-05T15:18:21.748Z", "user": 17, "content_type": 7, "object_id": "Yaldonet", "object_repr": "Yaldonet", "action_flag": 2, "change_message": "[{\"changed\": {\"fields\": [\"tip_method\"]}}]"}}, {"model": "admin.logentry", "pk": 59, "fields": {"action_time": "2017-05-17T08:11:01.008Z", "user": 17, "content_type": 3, "object_id": "28", "object_repr": "Roni", "action_flag": 2, "change_message": "[{\"changed\": {\"fields\": [\"password\"]}}]"}}, {"model": "admin.logentry", "pk": 60, "fields": {"action_time": "2017-05-17T12:31:32.088Z", "user": 17, "content_type": 9, "object_id": "25", "object_repr": "vvvb", "action_flag": 3, "change_message": ""}}, {"model": "admin.logentry", "pk": 61, "fields": {"action_time": "2017-05-17T12:31:32.092Z", "user": 17, "content_type": 9, "object_id": "24", "object_repr": "rrrr", "action_flag": 3, "change_message": ""}}, {"model": "admin.logentry", "pk": 62, "fields": {"action_time": "2017-05-17T12:31:32.094Z", "user": 17, "content_type": 9, "object_id": "23", "object_repr": "totoy", "action_flag": 3, "change_message": ""}}, {"model": "admin.logentry", "pk": 63, "fields": {"action_time": "2017-05-17T12:31:32.095Z", "user": 17, "content_type": 9, "object_id": "22", "object_repr": "shons", "action_flag": 3, "change_message": ""}}, {"model": "admin.logentry", "pk": 64, "fields": {"action_time": "2017-05-17T12:31:32.096Z", "user": 17, "content_type": 9, "object_id": "20", "object_repr": "tomr", "action_flag": 3, "change_message": ""}}, {"model": "admin.logentry", "pk": 65, "fields": {"action_time": "2017-05-17T12:31:32.097Z", "user": 17, "content_type": 9, "object_id": "19", "object_repr": "yonif", "action_flag": 3, "change_message": ""}}, {"model": "admin.logentry", "pk": 66, "fields": {"action_time": "2017-05-17T12:31:32.099Z", "user": 17, "content_type": 9, "object_id": "18", "object_repr": "roeev", "action_flag": 3, "change_message": ""}}, {"model": "admin.logentry", "pk": 67, "fields": {"action_time": "2017-05-17T14:58:36.935Z", "user": 17, "content_type": 9, "object_id": "32", "object_repr": "cc", "action_flag": 3, "change_message": ""}}, {"model": "admin.logentry", "pk": 68, "fields": {"action_time": "2017-05-17T14:58:36.939Z", "user": 17, "content_type": 9, "object_id": "31", "object_repr": "bb", "action_flag": 3, "change_message": ""}}, {"model": "admin.logentry", "pk": 69, "fields": {"action_time": "2017-05-17T14:58:36.941Z", "user": 17, "content_type": 9, "object_id": "30", "object_repr": "aa", "action_flag": 3, "change_message": ""}}, {"model": "admin.logentry", "pk": 70, "fields": {"action_time": "2017-05-17T14:58:36.942Z", "user": 17, "content_type": 9, "object_id": "29", "object_repr": "hhhh", "action_flag": 3, "change_message": ""}}, {"model": "admin.logentry", "pk": 71, "fields": {"action_time": "2017-05-17T21:45:26.037Z", "user": 17, "content_type": 3, "object_id": "41", "object_repr": "aa", "action_flag": 3, "change_message": ""}}, {"model": "admin.logentry", "pk": 72, "fields": {"action_time": "2017-05-17T21:45:26.040Z", "user": 17, "content_type": 3, "object_id": "53", "object_repr": "aab", "action_flag": 3, "change_message": ""}}, {"model": "admin.logentry", "pk": 73, "fields": {"action_time": "2017-05-17T21:45:26.041Z", "user": 17, "content_type": 3, "object_id": "47", "object_repr": "adaa", "action_flag": 3, "change_message": ""}}, {"model": "admin.logentry", "pk": 74, "fields": {"action_time": "2017-05-17T21:45:26.043Z", "user": 17, "content_type": 3, "object_id": "45", "object_repr": "adadf", "action_flag": 3, "change_message": ""}}, {"model": "admin.logentry", "pk": 75, "fields": {"action_time": "2017-05-17T21:45:26.045Z", "user": 17, "content_type": 3, "object_id": "50", "object_repr": "adsa", "action_flag": 3, "change_message": ""}}, {"model": "admin.logentry", "pk": 76, "fields": {"action_time": "2017-05-17T21:45:26.046Z", "user": 17, "content_type": 3, "object_id": "42", "object_repr": "bb", "action_flag": 3, "change_message": ""}}, {"model": "admin.logentry", "pk": 77, "fields": {"action_time": "2017-05-17T21:45:26.048Z", "user": 17, "content_type": 3, "object_id": "54", "object_repr": "bbcb", "action_flag": 3, "change_message": ""}}, {"model": "admin.logentry", "pk": 78, "fields": {"action_time": "2017-05-17T21:45:26.051Z", "user": 17, "content_type": 3, "object_id": "43", "object_repr": "cc", "action_flag": 3, "change_message": ""}}, {"model": "admin.logentry", "pk": 79, "fields": {"action_time": "2017-05-17T21:45:26.053Z", "user": 17, "content_type": 3, "object_id": "52", "object_repr": "checkc", "action_flag": 3, "change_message": ""}}, {"model": "admin.logentry", "pk": 80, "fields": {"action_time": "2017-05-17T21:45:26.056Z", "user": 17, "content_type": 3, "object_id": "48", "object_repr": "fgg", "action_flag": 3, "change_message": ""}}, {"model": "admin.logentry", "pk": 81, "fields": {"action_time": "2017-05-17T21:45:26.058Z", "user": 17, "content_type": 3, "object_id": "37", "object_repr": "hhha", "action_flag": 3, "change_message": ""}}, {"model": "admin.logentry", "pk": 82, "fields": {"action_time": "2017-05-17T21:45:26.060Z", "user": 17, "content_type": 3, "object_id": "40", "object_repr": "hhhh", "action_flag": 3, "change_message": ""}}, {"model": "admin.logentry", "pk": 83, "fields": {"action_time": "2017-05-17T21:45:26.063Z", "user": 17, "content_type": 3, "object_id": "46", "object_repr": "nghn", "action_flag": 3, "change_message": ""}}, {"model": "admin.logentry", "pk": 84, "fields": {"action_time": "2017-05-17T21:45:26.066Z", "user": 17, "content_type": 3, "object_id": "29", "object_repr": "roeev", "action_flag": 3, "change_message": ""}}, {"model": "admin.logentry", "pk": 85, "fields": {"action_time": "2017-05-17T21:45:26.069Z", "user": 17, "content_type": 3, "object_id": "39", "object_repr": "ronm", "action_flag": 3, "change_message": ""}}, {"model": "admin.logentry", "pk": 86, "fields": {"action_time": "2017-05-17T21:45:26.072Z", "user": 17, "content_type": 3, "object_id": "49", "object_repr": "roros", "action_flag": 3, "change_message": ""}}, {"model": "admin.logentry", "pk": 87, "fields": {"action_time": "2017-05-17T21:45:26.076Z", "user": 17, "content_type": 3, "object_id": "35", "object_repr": "rrrr", "action_flag": 3, "change_message": ""}}, {"model": "admin.logentry", "pk": 88, "fields": {"action_time": "2017-05-17T21:45:26.078Z", "user": 17, "content_type": 3, "object_id": "44", "object_repr": "sdsdfs", "action_flag": 3, "change_message": ""}}, {"model": "admin.logentry", "pk": 89, "fields": {"action_time": "2017-05-17T21:45:26.081Z", "user": 17, "content_type": 3, "object_id": "33", "object_repr": "shons", "action_flag": 3, "change_message": ""}}, {"model": "admin.logentry", "pk": 90, "fields": {"action_time": "2017-05-17T21:45:26.083Z", "user": 17, "content_type": 3, "object_id": "31", "object_repr": "tomr", "action_flag": 3, "change_message": ""}}, {"model": "admin.logentry", "pk": 91, "fields": {"action_time": "2017-05-17T21:45:26.084Z", "user": 17, "content_type": 3, "object_id": "38", "object_repr": "toniv", "action_flag": 3, "change_message": ""}}, {"model": "admin.logentry", "pk": 92, "fields": {"action_time": "2017-05-17T21:45:26.087Z", "user": 17, "content_type": 3, "object_id": "34", "object_repr": "totoy", "action_flag": 3, "change_message": ""}}, {"model": "admin.logentry", "pk": 93, "fields": {"action_time": "2017-05-17T21:45:26.088Z", "user": 17, "content_type": 3, "object_id": "36", "object_repr": "vvvb", "action_flag": 3, "change_message": ""}}, {"model": "admin.logentry", "pk": 94, "fields": {"action_time": "2017-05-17T21:45:26.090Z", "user": 17, "content_type": 3, "object_id": "30", "object_repr": "yonif", "action_flag": 3, "change_message": ""}}, {"model": "admin.logentry", "pk": 95, "fields": {"action_time": "2017-05-17T21:45:26.092Z", "user": 17, "content_type": 3, "object_id": "51", "object_repr": "yonim", "action_flag": 3, "change_message": ""}}, {"model": "admin.logentry", "pk": 96, "fields": {"action_time": "2017-05-17T21:45:26.093Z", "user": 17, "content_type": 3, "object_id": "32", "object_repr": "yossin", "action_flag": 3, "change_message": ""}}, {"model": "admin.logentry", "pk": 97, "fields": {"action_time": "2017-05-18T11:07:47.011Z", "user": 17, "content_type": 9, "object_id": "62", "object_repr": "fgsd", "action_flag": 3, "change_message": ""}}, {"model": "admin.logentry", "pk": 98, "fields": {"action_time": "2017-05-18T11:07:47.015Z", "user": 17, "content_type": 9, "object_id": "61", "object_repr": "adfhd", "action_flag": 3, "change_message": ""}}, {"model": "admin.logentry", "pk": 99, "fields": {"action_time": "2017-05-18T11:07:47.017Z", "user": 17, "content_type": 9, "object_id": "60", "object_repr": "dffsf", "action_flag": 3, "change_message": ""}}, {"model": "admin.logentry", "pk": 100, "fields": {"action_time": "2017-05-18T11:07:47.018Z", "user": 17, "content_type": 9, "object_id": "59", "object_repr": "sfasfd", "action_flag": 3, "change_message": ""}}, {"model": "admin.logentry", "pk": 101, "fields": {"action_time": "2017-05-18T11:07:47.019Z", "user": 17, "content_type": 9, "object_id": "58", "object_repr": "cac", "action_flag": 3, "change_message": ""}}, {"model": "admin.logentry", "pk": 102, "fields": {"action_time": "2017-05-18T11:07:47.020Z", "user": 17, "content_type": 9, "object_id": "57", "object_repr": "gtrg", "action_flag": 3, "change_message": ""}}, {"model": "admin.logentry", "pk": 103, "fields": {"action_time": "2017-05-18T11:07:47.022Z", "user": 17, "content_type": 9, "object_id": "56", "object_repr": "xvx", "action_flag": 3, "change_message": ""}}, {"model": "admin.logentry", "pk": 104, "fields": {"action_time": "2017-05-18T11:07:47.024Z", "user": 17, "content_type": 9, "object_id": "55", "object_repr": "ghdd", "action_flag": 3, "change_message": ""}}, {"model": "admin.logentry", "pk": 105, "fields": {"action_time": "2017-05-18T11:07:47.026Z", "user": 17, "content_type": 9, "object_id": "54", "object_repr": "vvv", "action_flag": 3, "change_message": ""}}, {"model": "admin.logentry", "pk": 106, "fields": {"action_time": "2017-05-18T11:07:47.029Z", "user": 17, "content_type": 9, "object_id": "53", "object_repr": "uuu", "action_flag": 3, "change_message": ""}}, {"model": "admin.logentry", "pk": 107, "fields": {"action_time": "2017-05-18T11:07:47.032Z", "user": 17, "content_type": 9, "object_id": "52", "object_repr": "bdb", "action_flag": 3, "change_message": ""}}, {"model": "admin.logentry", "pk": 108, "fields": {"action_time": "2017-05-18T11:07:47.033Z", "user": 17, "content_type": 9, "object_id": "51", "object_repr": "mm", "action_flag": 3, "change_message": ""}}, {"model": "admin.logentry", "pk": 109, "fields": {"action_time": "2017-05-18T11:07:47.035Z", "user": 17, "content_type": 9, "object_id": "50", "object_repr": "nn", "action_flag": 3, "change_message": ""}}, {"model": "admin.logentry", "pk": 110, "fields": {"action_time": "2017-05-18T11:07:47.037Z", "user": 17, "content_type": 9, "object_id": "49", "object_repr": "vv", "action_flag": 3, "change_message": ""}}, {"model": "admin.logentry", "pk": 111, "fields": {"action_time": "2017-05-18T11:07:47.039Z", "user": 17, "content_type": 9, "object_id": "48", "object_repr": "tt", "action_flag": 3, "change_message": ""}}, {"model": "admin.logentry", "pk": 112, "fields": {"action_time": "2017-05-18T11:07:47.041Z", "user": 17, "content_type": 9, "object_id": "47", "object_repr": "bb", "action_flag": 3, "change_message": ""}}, {"model": "admin.logentry", "pk": 113, "fields": {"action_time": "2017-05-18T11:07:47.042Z", "user": 17, "content_type": 9, "object_id": "46", "object_repr": "aa", "action_flag": 3, "change_message": ""}}, {"model": "admin.logentry", "pk": 114, "fields": {"action_time": "2017-05-18T11:07:47.043Z", "user": 17, "content_type": 9, "object_id": "45", "object_repr": "TomN", "action_flag": 3, "change_message": ""}}, {"model": "admin.logentry", "pk": 115, "fields": {"action_time": "2017-05-18T11:07:47.046Z", "user": 17, "content_type": 9, "object_id": "44", "object_repr": "bobr", "action_flag": 3, "change_message": ""}}, {"model": "admin.logentry", "pk": 116, "fields": {"action_time": "2017-05-18T13:58:56.303Z", "user": 17, "content_type": 3, "object_id": "75", "object_repr": "RoniI", "action_flag": 3, "change_message": ""}}, {"model": "admin.logentry", "pk": 117, "fields": {"action_time": "2017-05-18T13:58:56.306Z", "user": 17, "content_type": 3, "object_id": "76", "object_repr": "RoniL", "action_flag": 3, "change_message": ""}}, {"model": "admin.logentry", "pk": 118, "fields": {"action_time": "2017-05-18T13:58:56.307Z", "user": 17, "content_type": 3, "object_id": "56", "object_repr": "TomN", "action_flag": 3, "change_message": ""}}, {"model": "admin.logentry", "pk": 119, "fields": {"action_time": "2017-05-18T13:58:56.309Z", "user": 17, "content_type": 3, "object_id": "74", "object_repr": "YanirM", "action_flag": 3, "change_message": ""}}, {"model": "admin.logentry", "pk": 120, "fields": {"action_time": "2017-05-18T13:58:56.310Z", "user": 17, "content_type": 3, "object_id": "57", "object_repr": "aa", "action_flag": 3, "change_message": ""}}, {"model": "admin.logentry", "pk": 121, "fields": {"action_time": "2017-05-18T13:58:56.311Z", "user": 17, "content_type": 3, "object_id": "72", "object_repr": "adfhd", "action_flag": 3, "change_message": ""}}, {"model": "admin.logentry", "pk": 122, "fields": {"action_time": "2017-05-18T13:58:56.313Z", "user": 17, "content_type": 3, "object_id": "58", "object_repr": "bb", "action_flag": 3, "change_message": ""}}, {"model": "admin.logentry", "pk": 123, "fields": {"action_time": "2017-05-18T13:58:56.315Z", "user": 17, "content_type": 3, "object_id": "63", "object_repr": "bdb", "action_flag": 3, "change_message": ""}}, {"model": "admin.logentry", "pk": 124, "fields": {"action_time": "2017-05-18T13:58:56.317Z", "user": 17, "content_type": 3, "object_id": "55", "object_repr": "bobr", "action_flag": 3, "change_message": ""}}, {"model": "admin.logentry", "pk": 125, "fields": {"action_time": "2017-05-18T13:58:56.320Z", "user": 17, "content_type": 3, "object_id": "69", "object_repr": "cac", "action_flag": 3, "change_message": ""}}, {"model": "admin.logentry", "pk": 126, "fields": {"action_time": "2017-05-18T13:58:56.322Z", "user": 17, "content_type": 3, "object_id": "71", "object_repr": "dffsf", "action_flag": 3, "change_message": ""}}, {"model": "admin.logentry", "pk": 127, "fields": {"action_time": "2017-05-18T13:58:56.324Z", "user": 17, "content_type": 3, "object_id": "73", "object_repr": "fgsd", "action_flag": 3, "change_message": ""}}, {"model": "admin.logentry", "pk": 128, "fields": {"action_time": "2017-05-18T13:58:56.326Z", "user": 17, "content_type": 3, "object_id": "66", "object_repr": "ghdd", "action_flag": 3, "change_message": ""}}, {"model": "admin.logentry", "pk": 129, "fields": {"action_time": "2017-05-18T13:58:56.329Z", "user": 17, "content_type": 3, "object_id": "68", "object_repr": "gtrg", "action_flag": 3, "change_message": ""}}, {"model": "admin.logentry", "pk": 130, "fields": {"action_time": "2017-05-18T13:58:56.331Z", "user": 17, "content_type": 3, "object_id": "62", "object_repr": "mm", "action_flag": 3, "change_message": ""}}, {"model": "admin.logentry", "pk": 131, "fields": {"action_time": "2017-05-18T13:58:56.333Z", "user": 17, "content_type": 3, "object_id": "61", "object_repr": "nn", "action_flag": 3, "change_message": ""}}, {"model": "admin.logentry", "pk": 132, "fields": {"action_time": "2017-05-18T13:58:56.336Z", "user": 17, "content_type": 3, "object_id": "70", "object_repr": "sfasfd", "action_flag": 3, "change_message": ""}}, {"model": "admin.logentry", "pk": 133, "fields": {"action_time": "2017-05-18T13:58:56.338Z", "user": 17, "content_type": 3, "object_id": "59", "object_repr": "tt", "action_flag": 3, "change_message": ""}}, {"model": "admin.logentry", "pk": 134, "fields": {"action_time": "2017-05-18T13:58:56.340Z", "user": 17, "content_type": 3, "object_id": "64", "object_repr": "uuu", "action_flag": 3, "change_message": ""}}, {"model": "admin.logentry", "pk": 135, "fields": {"action_time": "2017-05-18T13:58:56.342Z", "user": 17, "content_type": 3, "object_id": "60", "object_repr": "vv", "action_flag": 3, "change_message": ""}}, {"model": "admin.logentry", "pk": 136, "fields": {"action_time": "2017-05-18T13:58:56.343Z", "user": 17, "content_type": 3, "object_id": "65", "object_repr": "vvv", "action_flag": 3, "change_message": ""}}, {"model": "admin.logentry", "pk": 137, "fields": {"action_time": "2017-05-18T13:58:56.345Z", "user": 17, "content_type": 3, "object_id": "67", "object_repr": "xvx", "action_flag": 3, "change_message": ""}}, {"model": "admin.logentry", "pk": 138, "fields": {"action_time": "2017-05-18T15:06:35.126Z", "user": 17, "content_type": 3, "object_id": "28", "object_repr": "Roni", "action_flag": 2, "change_message": "[{\"changed\": {\"fields\": [\"is_staff\"]}}]"}}, {"model": "admin.logentry", "pk": 139, "fields": {"action_time": "2017-05-20T15:59:01.779Z", "user": 17, "content_type": 3, "object_id": "135", "object_repr": ";msfdk", "action_flag": 3, "change_message": ""}}, {"model": "admin.logentry", "pk": 140, "fields": {"action_time": "2017-05-20T15:59:01.909Z", "user": 17, "content_type": 3, "object_id": "137", "object_repr": ";mvkemdvk", "action_flag": 3, "change_message": ""}}, {"model": "admin.logentry", "pk": 141, "fields": {"action_time": "2017-05-20T15:59:02.012Z", "user": 17, "content_type": 3, "object_id": "157", "object_repr": "adsd", "action_flag": 3, "change_message": ""}}, {"model": "admin.logentry", "pk": 142, "fields": {"action_time": "2017-05-20T15:59:02.120Z", "user": 17, "content_type": 3, "object_id": "158", "object_repr": "afasf", "action_flag": 3, "change_message": ""}}, {"model": "admin.logentry", "pk": 143, "fields": {"action_time": "2017-05-20T15:59:02.263Z", "user": 17, "content_type": 3, "object_id": "133", "object_repr": "argvxd", "action_flag": 3, "change_message": ""}}, {"model": "admin.logentry", "pk": 144, "fields": {"action_time": "2017-05-20T15:59:02.369Z", "user": 17, "content_type": 3, "object_id": "129", "object_repr": "asdadaa", "action_flag": 3, "change_message": ""}}, {"model": "admin.logentry", "pk": 145, "fields": {"action_time": "2017-05-20T15:59:02.475Z", "user": 17, "content_type": 3, "object_id": "110", "object_repr": "asdadn", "action_flag": 3, "change_message": ""}}, {"model": "admin.logentry", "pk": 146, "fields": {"action_time": "2017-05-20T15:59:02.590Z", "user": 17, "content_type": 3, "object_id": "156", "object_repr": "asdasa", "action_flag": 3, "change_message": ""}}, {"model": "admin.logentry", "pk": 147, "fields": {"action_time": "2017-05-20T15:59:02.686Z", "user": 17, "content_type": 3, "object_id": "126", "object_repr": "asdsvxa", "action_flag": 3, "change_message": ""}}, {"model": "admin.logentry", "pk": 148, "fields": {"action_time": "2017-05-20T15:59:02.800Z", "user": 17, "content_type": 3, "object_id": "132", "object_repr": "asrgdvw", "action_flag": 3, "change_message": ""}}, {"model": "admin.logentry", "pk": 149, "fields": {"action_time": "2017-05-20T15:59:02.897Z", "user": 17, "content_type": 3, "object_id": "138", "object_repr": "bcvbdd", "action_flag": 3, "change_message": ""}}, {"model": "admin.logentry", "pk": 150, "fields": {"action_time": "2017-05-20T15:59:03.002Z", "user": 17, "content_type": 3, "object_id": "112", "object_repr": "bcvhv", "action_flag": 3, "change_message": ""}}, {"model": "admin.logentry", "pk": 151, "fields": {"action_time": "2017-05-20T15:59:03.129Z", "user": 17, "content_type": 3, "object_id": "79", "object_repr": "bobib", "action_flag": 3, "change_message": ""}}, {"model": "admin.logentry", "pk": 152, "fields": {"action_time": "2017-05-20T15:59:03.244Z", "user": 17, "content_type": 3, "object_id": "98", "object_repr": "bvns", "action_flag": 3, "change_message": ""}}, {"model": "admin.logentry", "pk": 153, "fields": {"action_time": "2017-05-20T15:59:03.381Z", "user": 17, "content_type": 3, "object_id": "125", "object_repr": "cazx", "action_flag": 3, "change_message": ""}}, {"model": "admin.logentry", "pk": 154, "fields": {"action_time": "2017-05-20T15:59:03.533Z", "user": 17, "content_type": 3, "object_id": "102", "object_repr": "cccc", "action_flag": 3, "change_message": ""}}, {"model": "admin.logentry", "pk": 155, "fields": {"action_time": "2017-05-20T15:59:03.643Z", "user": 17, "content_type": 3, "object_id": "124", "object_repr": "cccse", "action_flag": 3, "change_message": ""}}, {"model": "admin.logentry", "pk": 156, "fields": {"action_time": "2017-05-20T15:59:03.741Z", "user": 17, "content_type": 3, "object_id": "105", "object_repr": "csdvsvd", "action_flag": 3, "change_message": ""}}, {"model": "admin.logentry", "pk": 157, "fields": {"action_time": "2017-05-20T15:59:03.843Z", "user": 17, "content_type": 3, "object_id": "103", "object_repr": "csdvv", "action_flag": 3, "change_message": ""}}, {"model": "admin.logentry", "pk": 158, "fields": {"action_time": "2017-05-20T15:59:03.944Z", "user": 17, "content_type": 3, "object_id": "119", "object_repr": "dasdd", "action_flag": 3, "change_message": ""}}, {"model": "admin.logentry", "pk": 159, "fields": {"action_time": "2017-05-20T15:59:04.039Z", "user": 17, "content_type": 3, "object_id": "142", "object_repr": "dasdd_1", "action_flag": 3, "change_message": ""}}, {"model": "admin.logentry", "pk": 160, "fields": {"action_time": "2017-05-20T15:59:04.154Z", "user": 17, "content_type": 3, "object_id": "140", "object_repr": "dfhtkygft", "action_flag": 3, "change_message": ""}}, {"model": "admin.logentry", "pk": 161, "fields": {"action_time": "2017-05-20T15:59:04.261Z", "user": 17, "content_type": 3, "object_id": "139", "object_repr": "dfscvnvd", "action_flag": 3, "change_message": ""}}, {"model": "admin.logentry", "pk": 162, "fields": {"action_time": "2017-05-20T15:59:04.366Z", "user": 17, "content_type": 3, "object_id": "111", "object_repr": "dfsf", "action_flag": 3, "change_message": ""}}, {"model": "admin.logentry", "pk": 163, "fields": {"action_time": "2017-05-20T15:59:04.479Z", "user": 17, "content_type": 3, "object_id": "87", "object_repr": "dgb", "action_flag": 3, "change_message": ""}}, {"model": "admin.logentry", "pk": 164, "fields": {"action_time": "2017-05-20T15:59:04.587Z", "user": 17, "content_type": 3, "object_id": "104", "object_repr": "dwedytjd", "action_flag": 3, "change_message": ""}}, {"model": "admin.logentry", "pk": 165, "fields": {"action_time": "2017-05-20T15:59:04.693Z", "user": 17, "content_type": 3, "object_id": "113", "object_repr": "ergbjgb", "action_flag": 3, "change_message": ""}}, {"model": "admin.logentry", "pk": 166, "fields": {"action_time": "2017-05-20T15:59:04.831Z", "user": 17, "content_type": 3, "object_id": "144", "object_repr": "ertq", "action_flag": 3, "change_message": ""}}, {"model": "admin.logentry", "pk": 167, "fields": {"action_time": "2017-05-20T15:59:04.951Z", "user": 17, "content_type": 3, "object_id": "93", "object_repr": "fghkiighgea", "action_flag": 3, "change_message": ""}}, {"model": "admin.logentry", "pk": 168, "fields": {"action_time": "2017-05-20T15:59:05.164Z", "user": 17, "content_type": 3, "object_id": "114", "object_repr": "fhjyutd", "action_flag": 3, "change_message": ""}}, {"model": "admin.logentry", "pk": 169, "fields": {"action_time": "2017-05-20T15:59:05.271Z", "user": 17, "content_type": 3, "object_id": "92", "object_repr": "fnghjghkhkg", "action_flag": 3, "change_message": ""}}, {"model": "admin.logentry", "pk": 170, "fields": {"action_time": "2017-05-20T15:59:05.408Z", "user": 17, "content_type": 3, "object_id": "131", "object_repr": "hjgfhh", "action_flag": 3, "change_message": ""}}, {"model": "admin.logentry", "pk": 171, "fields": {"action_time": "2017-05-20T15:59:05.508Z", "user": 17, "content_type": 3, "object_id": "136", "object_repr": "kasdmaksk", "action_flag": 3, "change_message": ""}}, {"model": "admin.logentry", "pk": 172, "fields": {"action_time": "2017-05-20T15:59:05.636Z", "user": 17, "content_type": 3, "object_id": "161", "object_repr": "klnerjk", "action_flag": 3, "change_message": ""}}, {"model": "admin.logentry", "pk": 173, "fields": {"action_time": "2017-05-20T15:59:05.762Z", "user": 17, "content_type": 3, "object_id": "115", "object_repr": "ksa", "action_flag": 3, "change_message": ""}}, {"model": "admin.logentry", "pk": 174, "fields": {"action_time": "2017-05-20T15:59:05.881Z", "user": 17, "content_type": 3, "object_id": "160", "object_repr": "l,wd,clw,cr", "action_flag": 3, "change_message": ""}}, {"model": "admin.logentry", "pk": 175, "fields": {"action_time": "2017-05-20T15:59:05.986Z", "user": 17, "content_type": 3, "object_id": "127", "object_repr": "lmsd;msm", "action_flag": 3, "change_message": ""}}, {"model": "admin.logentry", "pk": 176, "fields": {"action_time": "2017-05-20T15:59:06.086Z", "user": 17, "content_type": 3, "object_id": "134", "object_repr": "mlasasdllv,", "action_flag": 3, "change_message": ""}}, {"model": "admin.logentry", "pk": 177, "fields": {"action_time": "2017-05-20T15:59:06.230Z", "user": 17, "content_type": 3, "object_id": "101", "object_repr": "momom", "action_flag": 3, "change_message": ""}}, {"model": "admin.logentry", "pk": 178, "fields": {"action_time": "2017-05-20T15:59:06.347Z", "user": 17, "content_type": 3, "object_id": "97", "object_repr": "mouh", "action_flag": 3, "change_message": ""}}, {"model": "admin.logentry", "pk": 179, "fields": {"action_time": "2017-05-20T15:59:06.451Z", "user": 17, "content_type": 3, "object_id": "77", "object_repr": "namid", "action_flag": 3, "change_message": ""}}, {"model": "admin.logentry", "pk": 180, "fields": {"action_time": "2017-05-20T15:59:06.569Z", "user": 17, "content_type": 3, "object_id": "90", "object_repr": "ndlkfndfnn", "action_flag": 3, "change_message": ""}}, {"model": "admin.logentry", "pk": 181, "fields": {"action_time": "2017-05-20T15:59:06.684Z", "user": 17, "content_type": 3, "object_id": "100", "object_repr": "nknkrnkf", "action_flag": 3, "change_message": ""}}, {"model": "admin.logentry", "pk": 182, "fields": {"action_time": "2017-05-20T15:59:06.805Z", "user": 17, "content_type": 3, "object_id": "85", "object_repr": "nnnj", "action_flag": 3, "change_message": ""}}, {"model": "admin.logentry", "pk": 183, "fields": {"action_time": "2017-05-20T15:59:06.902Z", "user": 17, "content_type": 3, "object_id": "130", "object_repr": "qeqweqq", "action_flag": 3, "change_message": ""}}, {"model": "admin.logentry", "pk": 184, "fields": {"action_time": "2017-05-20T15:59:07.028Z", "user": 17, "content_type": 3, "object_id": "143", "object_repr": "qeqweqq_1", "action_flag": 3, "change_message": ""}}, {"model": "admin.logentry", "pk": 185, "fields": {"action_time": "2017-05-20T15:59:07.135Z", "user": 17, "content_type": 3, "object_id": "148", "object_repr": "qeqweqq_2", "action_flag": 3, "change_message": ""}}, {"model": "admin.logentry", "pk": 186, "fields": {"action_time": "2017-05-20T15:59:07.239Z", "user": 17, "content_type": 3, "object_id": "149", "object_repr": "qeqweqq_3", "action_flag": 3, "change_message": ""}}, {"model": "admin.logentry", "pk": 187, "fields": {"action_time": "2017-05-20T15:59:07.347Z", "user": 17, "content_type": 3, "object_id": "150", "object_repr": "qeqweqq_4", "action_flag": 3, "change_message": ""}}, {"model": "admin.logentry", "pk": 188, "fields": {"action_time": "2017-05-20T15:59:07.449Z", "user": 17, "content_type": 3, "object_id": "151", "object_repr": "qeqweqq_5", "action_flag": 3, "change_message": ""}}, {"model": "admin.logentry", "pk": 189, "fields": {"action_time": "2017-05-20T15:59:07.578Z", "user": 17, "content_type": 3, "object_id": "152", "object_repr": "qeqweqq_6", "action_flag": 3, "change_message": ""}}, {"model": "admin.logentry", "pk": 190, "fields": {"action_time": "2017-05-20T15:59:07.689Z", "user": 17, "content_type": 3, "object_id": "153", "object_repr": "qeqweqq_7", "action_flag": 3, "change_message": ""}}, {"model": "admin.logentry", "pk": 191, "fields": {"action_time": "2017-05-20T15:59:07.794Z", "user": 17, "content_type": 3, "object_id": "141", "object_repr": "rvrhthh", "action_flag": 3, "change_message": ""}}, {"model": "admin.logentry", "pk": 192, "fields": {"action_time": "2017-05-20T15:59:07.889Z", "user": 17, "content_type": 3, "object_id": "159", "object_repr": "scvsvaa", "action_flag": 3, "change_message": ""}}, {"model": "admin.logentry", "pk": 193, "fields": {"action_time": "2017-05-20T15:59:07.993Z", "user": 17, "content_type": 3, "object_id": "123", "object_repr": "sdfsa", "action_flag": 3, "change_message": ""}}, {"model": "admin.logentry", "pk": 194, "fields": {"action_time": "2017-05-20T15:59:08.089Z", "user": 17, "content_type": 3, "object_id": "118", "object_repr": "sdfsdd", "action_flag": 3, "change_message": ""}}, {"model": "admin.logentry", "pk": 195, "fields": {"action_time": "2017-05-20T15:59:08.195Z", "user": 17, "content_type": 3, "object_id": "122", "object_repr": "sdsvsf", "action_flag": 3, "change_message": ""}}, {"model": "admin.logentry", "pk": 196, "fields": {"action_time": "2017-05-20T15:59:08.299Z", "user": 17, "content_type": 3, "object_id": "99", "object_repr": "sdtykjf", "action_flag": 3, "change_message": ""}}, {"model": "admin.logentry", "pk": 197, "fields": {"action_time": "2017-05-20T15:59:08.397Z", "user": 17, "content_type": 3, "object_id": "109", "object_repr": "sdvdvsvsdvs", "action_flag": 3, "change_message": ""}}, {"model": "admin.logentry", "pk": 198, "fields": {"action_time": "2017-05-20T15:59:08.493Z", "user": 17, "content_type": 3, "object_id": "106", "object_repr": "sdvsvsvsvs", "action_flag": 3, "change_message": ""}}, {"model": "admin.logentry", "pk": 199, "fields": {"action_time": "2017-05-20T15:59:08.612Z", "user": 17, "content_type": 3, "object_id": "96", "object_repr": "sfr", "action_flag": 3, "change_message": ""}}, {"model": "admin.logentry", "pk": 200, "fields": {"action_time": "2017-05-20T15:59:08.716Z", "user": 17, "content_type": 3, "object_id": "91", "object_repr": "sfsdgdff", "action_flag": 3, "change_message": ""}}, {"model": "admin.logentry", "pk": 201, "fields": {"action_time": "2017-05-20T15:59:08.812Z", "user": 17, "content_type": 3, "object_id": "88", "object_repr": "sgdggff", "action_flag": 3, "change_message": ""}}, {"model": "admin.logentry", "pk": 202, "fields": {"action_time": "2017-05-20T15:59:08.915Z", "user": 17, "content_type": 3, "object_id": "117", "object_repr": "ssdyy", "action_flag": 3, "change_message": ""}}, {"model": "admin.logentry", "pk": 203, "fields": {"action_time": "2017-05-20T15:59:09.011Z", "user": 17, "content_type": 3, "object_id": "120", "object_repr": "ssvk", "action_flag": 3, "change_message": ""}}, {"model": "admin.logentry", "pk": 204, "fields": {"action_time": "2017-05-20T15:59:09.115Z", "user": 17, "content_type": 3, "object_id": "121", "object_repr": "svdsgdfhdhd", "action_flag": 3, "change_message": ""}}, {"model": "admin.logentry", "pk": 205, "fields": {"action_time": "2017-05-20T15:59:09.224Z", "user": 17, "content_type": 3, "object_id": "107", "object_repr": "svsvsdvs", "action_flag": 3, "change_message": ""}}, {"model": "admin.logentry", "pk": 206, "fields": {"action_time": "2017-05-20T15:59:09.325Z", "user": 17, "content_type": 3, "object_id": "108", "object_repr": "svsvsvsdvs", "action_flag": 3, "change_message": ""}}, {"model": "admin.logentry", "pk": 207, "fields": {"action_time": "2017-05-20T15:59:09.420Z", "user": 17, "content_type": 3, "object_id": "80", "object_repr": "tomr", "action_flag": 3, "change_message": ""}}, {"model": "admin.logentry", "pk": 208, "fields": {"action_time": "2017-05-20T15:59:09.525Z", "user": 17, "content_type": 3, "object_id": "81", "object_repr": "tomr_1", "action_flag": 3, "change_message": ""}}, {"model": "admin.logentry", "pk": 209, "fields": {"action_time": "2017-05-20T15:59:09.622Z", "user": 17, "content_type": 3, "object_id": "82", "object_repr": "tomr_2", "action_flag": 3, "change_message": ""}}, {"model": "admin.logentry", "pk": 210, "fields": {"action_time": "2017-05-20T15:59:09.727Z", "user": 17, "content_type": 3, "object_id": "83", "object_repr": "toniv", "action_flag": 3, "change_message": ""}}, {"model": "admin.logentry", "pk": 211, "fields": {"action_time": "2017-05-20T15:59:09.831Z", "user": 17, "content_type": 3, "object_id": "145", "object_repr": "tryq", "action_flag": 3, "change_message": ""}}, {"model": "admin.logentry", "pk": 212, "fields": {"action_time": "2017-05-20T15:59:09.957Z", "user": 17, "content_type": 3, "object_id": "78", "object_repr": "tryt", "action_flag": 3, "change_message": ""}}, {"model": "admin.logentry", "pk": 213, "fields": {"action_time": "2017-05-20T15:59:10.067Z", "user": 17, "content_type": 3, "object_id": "86", "object_repr": "tttg", "action_flag": 3, "change_message": ""}}, {"model": "admin.logentry", "pk": 214, "fields": {"action_time": "2017-05-20T15:59:10.175Z", "user": 17, "content_type": 3, "object_id": "84", "object_repr": "tttt", "action_flag": 3, "change_message": ""}}, {"model": "admin.logentry", "pk": 215, "fields": {"action_time": "2017-05-20T15:59:10.303Z", "user": 17, "content_type": 3, "object_id": "147", "object_repr": "uyiq", "action_flag": 3, "change_message": ""}}, {"model": "admin.logentry", "pk": 216, "fields": {"action_time": "2017-05-20T15:59:10.397Z", "user": 17, "content_type": 3, "object_id": "154", "object_repr": "vqweq", "action_flag": 3, "change_message": ""}}, {"model": "admin.logentry", "pk": 217, "fields": {"action_time": "2017-05-20T15:59:10.490Z", "user": 17, "content_type": 3, "object_id": "155", "object_repr": "vqweq_1", "action_flag": 3, "change_message": ""}}, {"model": "admin.logentry", "pk": 218, "fields": {"action_time": "2017-05-20T15:59:10.656Z", "user": 17, "content_type": 3, "object_id": "116", "object_repr": "vvsvvs", "action_flag": 3, "change_message": ""}}, {"model": "admin.logentry", "pk": 219, "fields": {"action_time": "2017-05-20T15:59:10.830Z", "user": 17, "content_type": 3, "object_id": "89", "object_repr": "xcvxcvxv", "action_flag": 3, "change_message": ""}}, {"model": "admin.logentry", "pk": 220, "fields": {"action_time": "2017-05-20T15:59:10.961Z", "user": 17, "content_type": 3, "object_id": "95", "object_repr": "ytkjben", "action_flag": 3, "change_message": ""}}, {"model": "admin.logentry", "pk": 221, "fields": {"action_time": "2017-05-20T15:59:11.067Z", "user": 17, "content_type": 3, "object_id": "146", "object_repr": "ytuq", "action_flag": 3, "change_message": ""}}, {"model": "admin.logentry", "pk": 222, "fields": {"action_time": "2017-05-20T15:59:11.164Z", "user": 17, "content_type": 3, "object_id": "94", "object_repr": "yuhoknbr", "action_flag": 3, "change_message": ""}}, {"model": "admin.logentry", "pk": 223, "fields": {"action_time": "2017-05-20T15:59:11.290Z", "user": 17, "content_type": 3, "object_id": "128", "object_repr": "zxczxczcz", "action_flag": 3, "change_message": ""}}, {"model": "admin.logentry", "pk": 224, "fields": {"action_time": "2017-05-21T16:24:19.454Z", "user": 17, "content_type": 3, "object_id": "17", "object_repr": "roy", "action_flag": 2, "change_message": "[]"}}, {"model": "admin.logentry", "pk": 225, "fields": {"action_time": "2017-05-26T14:03:13.571Z", "user": 17, "content_type": 3, "object_id": "17", "object_repr": "roy", "action_flag": 2, "change_message": "[{\"changed\": {\"fields\": [\"first_name\", \"last_name\"]}}]"}}, {"model": "admin.logentry", "pk": 226, "fields": {"action_time": "2017-05-26T14:26:52.463Z", "user": 17, "content_type": 3, "object_id": "176", "object_repr": "ads", "action_flag": 3, "change_message": ""}}, {"model": "admin.logentry", "pk": 227, "fields": {"action_time": "2017-05-26T14:26:52.466Z", "user": 17, "content_type": 3, "object_id": "167", "object_repr": "asdg", "action_flag": 3, "change_message": ""}}, {"model": "admin.logentry", "pk": 228, "fields": {"action_time": "2017-05-26T14:26:52.469Z", "user": 17, "content_type": 3, "object_id": "169", "object_repr": "dad", "action_flag": 3, "change_message": ""}}, {"model": "admin.logentry", "pk": 229, "fields": {"action_time": "2017-05-26T14:26:52.470Z", "user": 17, "content_type": 3, "object_id": "165", "object_repr": "dfv", "action_flag": 3, "change_message": ""}}, {"model": "admin.logentry", "pk": 230, "fields": {"action_time": "2017-05-26T14:26:52.472Z", "user": 17, "content_type": 3, "object_id": "168", "object_repr": "dge", "action_flag": 3, "change_message": ""}}, {"model": "admin.logentry", "pk": 231, "fields": {"action_time": "2017-05-26T14:26:52.474Z", "user": 17, "content_type": 3, "object_id": "163", "object_repr": "gdfc", "action_flag": 3, "change_message": ""}}, {"model": "admin.logentry", "pk": 232, "fields": {"action_time": "2017-05-26T14:26:52.475Z", "user": 17, "content_type": 3, "object_id": "166", "object_repr": "gdfg", "action_flag": 3, "change_message": ""}}, {"model": "admin.logentry", "pk": 233, "fields": {"action_time": "2017-05-26T14:26:52.478Z", "user": 17, "content_type": 3, "object_id": "164", "object_repr": "gdhf", "action_flag": 3, "change_message": ""}}, {"model": "admin.logentry", "pk": 234, "fields": {"action_time": "2017-05-26T14:26:52.480Z", "user": 17, "content_type": 3, "object_id": "175", "object_repr": "kjj", "action_flag": 3, "change_message": ""}}, {"model": "admin.logentry", "pk": 235, "fields": {"action_time": "2017-05-26T14:26:52.481Z", "user": 17, "content_type": 3, "object_id": "172", "object_repr": "ramii", "action_flag": 3, "change_message": ""}}, {"model": "admin.logentry", "pk": 236, "fields": {"action_time": "2017-05-26T14:26:52.482Z", "user": 17, "content_type": 3, "object_id": "170", "object_repr": "torentk", "action_flag": 3, "change_message": ""}}, {"model": "admin.logentry", "pk": 237, "fields": {"action_time": "2017-05-26T14:26:52.483Z", "user": 17, "content_type": 3, "object_id": "162", "object_repr": "yossim", "action_flag": 3, "change_message": ""}}, {"model": "admin.logentry", "pk": 238, "fields": {"action_time": "2017-05-26T14:27:39.754Z", "user": 28, "content_type": 3, "object_id": "28", "object_repr": "Roni", "action_flag": 2, "change_message": "[{\"changed\": {\"fields\": [\"first_name\", \"last_name\"]}}]"}}, {"model": "admin.logentry", "pk": 239, "fields": {"action_time": "2017-05-26T14:56:29.460Z", "user": 17, "content_type": 7, "object_id": "Moti & co.", "object_repr": "Moti & co.", "action_flag": 2, "change_message": "[{\"changed\": {\"fields\": [\"business_name\"]}}]"}}, {"model": "admin.logentry", "pk": 240, "fields": {"action_time": "2017-05-26T14:57:53.214Z", "user": 17, "content_type": 7, "object_id": "Moti & co.", "object_repr": "Moti & co.", "action_flag": 3, "change_message": ""}}, {"model": "admin.logentry", "pk": 241, "fields": {"action_time": "2017-05-28T15:16:37.395Z", "user": 17, "content_type": 9, "object_id": "8", "object_repr": "roy", "action_flag": 2, "change_message": "[{\"changed\": {\"fields\": [\"phone_num\", \"home_address\", \"birth_date\", \"started_work_date\"]}}]"}}, {"model": "admin.logentry", "pk": 242, "fields": {"action_time": "2017-05-28T15:33:58.073Z", "user": 17, "content_type": 9, "object_id": "163", "object_repr": "normani", "action_flag": 2, "change_message": "[{\"changed\": {\"fields\": [\"phone_num\", \"home_address\", \"birth_date\", \"started_work_date\"]}}]"}}, {"model": "admin.logentry", "pk": 243, "fields": {"action_time": "2017-05-29T21:08:58.231Z", "user": 17, "content_type": 9, "object_id": "163", "object_repr": "normani", "action_flag": 2, "change_message": "[{\"changed\": {\"fields\": [\"started_work_date\"]}}]"}}, {"model": "admin.logentry", "pk": 244, "fields": {"action_time": "2017-05-29T21:09:24.445Z", "user": 17, "content_type": 9, "object_id": "163", "object_repr": "normani", "action_flag": 2, "change_message": "[]"}}, {"model": "admin.logentry", "pk": 245, "fields": {"action_time": "2017-06-02T20:59:13.848Z", "user": 17, "content_type": 11, "object_id": "2", "object_repr": "Message object", "action_flag": 3, "change_message": ""}}, {"model": "admin.logentry", "pk": 246, "fields": {"action_time": "2017-06-02T20:59:13.856Z", "user": 17, "content_type": 11, "object_id": "1", "object_repr": "Message object", "action_flag": 3, "change_message": ""}}, {"model": "admin.logentry", "pk": 247, "fields": {"action_time": "2017-06-03T14:51:39.453Z", "user": 17, "content_type": 11, "object_id": "15", "object_repr": "Message object", "action_flag": 3, "change_message": ""}}, {"model": "admin.logentry", "pk": 248, "fields": {"action_time": "2017-06-03T14:51:39.455Z", "user": 17, "content_type": 11, "object_id": "14", "object_repr": "Message object", "action_flag": 3, "change_message": ""}}, {"model": "admin.logentry", "pk": 249, "fields": {"action_time": "2017-06-03T14:51:39.457Z", "user": 17, "content_type": 11, "object_id": "13", "object_repr": "Message object", "action_flag": 3, "change_message": ""}}, {"model": "admin.logentry", "pk": 250, "fields": {"action_time": "2017-06-03T14:51:39.459Z", "user": 17, "content_type": 11, "object_id": "12", "object_repr": "Message object", "action_flag": 3, "change_message": ""}}, {"model": "admin.logentry", "pk": 251, "fields": {"action_time": "2017-06-03T14:51:39.462Z", "user": 17, "content_type": 11, "object_id": "11", "object_repr": "Message object", "action_flag": 3, "change_message": ""}}, {"model": "admin.logentry", "pk": 252, "fields": {"action_time": "2017-06-03T14:51:39.464Z", "user": 17, "content_type": 11, "object_id": "10", "object_repr": "Message object", "action_flag": 3, "change_message": ""}}, {"model": "admin.logentry", "pk": 253, "fields": {"action_time": "2017-06-03T14:51:39.465Z", "user": 17, "content_type": 11, "object_id": "9", "object_repr": "Message object", "action_flag": 3, "change_message": ""}}, {"model": "admin.logentry", "pk": 254, "fields": {"action_time": "2017-06-03T14:51:39.466Z", "user": 17, "content_type": 11, "object_id": "8", "object_repr": "Message object", "action_flag": 3, "change_message": ""}}, {"model": "admin.logentry", "pk": 255, "fields": {"action_time": "2017-06-03T14:51:39.467Z", "user": 17, "content_type": 11, "object_id": "7", "object_repr": "Message object", "action_flag": 3, "change_message": ""}}, {"model": "admin.logentry", "pk": 256, "fields": {"action_time": "2017-06-03T14:51:39.468Z", "user": 17, "content_type": 11, "object_id": "6", "object_repr": "Message object", "action_flag": 3, "change_message": ""}}, {"model": "admin.logentry", "pk": 257, "fields": {"action_time": "2017-06-03T14:51:39.469Z", "user": 17, "content_type": 11, "object_id": "5", "object_repr": "Message object", "action_flag": 3, "change_message": ""}}, {"model": "admin.logentry", "pk": 258, "fields": {"action_time": "2017-06-03T14:51:39.471Z", "user": 17, "content_type": 11, "object_id": "4", "object_repr": "Message object", "action_flag": 3, "change_message": ""}}, {"model": "admin.logentry", "pk": 259, "fields": {"action_time": "2017-06-03T14:51:39.472Z", "user": 17, "content_type": 11, "object_id": "3", "object_repr": "Message object", "action_flag": 3, "change_message": ""}}, {"model": "admin.logentry", "pk": 260, "fields": {"action_time": "2017-06-03T15:25:43.220Z", "user": 17, "content_type": 11, "object_id": "21", "object_repr": "Message object", "action_flag": 3, "change_message": ""}}, {"model": "admin.logentry", "pk": 261, "fields": {"action_time": "2017-06-03T15:25:43.223Z", "user": 17, "content_type": 11, "object_id": "19", "object_repr": "Message object", "action_flag": 3, "change_message": ""}}, {"model": "admin.logentry", "pk": 262, "fields": {"action_time": "2017-06-03T15:25:43.225Z", "user": 17, "content_type": 11, "object_id": "18", "object_repr": "Message object", "action_flag": 3, "change_message": ""}}, {"model": "admin.logentry", "pk": 263, "fields": {"action_time": "2017-06-03T15:25:43.226Z", "user": 17, "content_type": 11, "object_id": "17", "object_repr": "Message object", "action_flag": 3, "change_message": ""}}, {"model": "admin.logentry", "pk": 264, "fields": {"action_time": "2017-06-03T15:25:43.230Z", "user": 17, "content_type": 11, "object_id": "16", "object_repr": "Message object", "action_flag": 3, "change_message": ""}}, {"model": "admin.logentry", "pk": 265, "fields": {"action_time": "2017-06-13T16:16:51.706Z", "user": 17, "content_type": 11, "object_id": "23", "object_repr": "Message object", "action_flag": 3, "change_message": ""}}, {"model": "admin.logentry", "pk": 266, "fields": {"action_time": "2017-06-13T16:16:51.711Z", "user": 17, "content_type": 11, "object_id": "22", "object_repr": "Message object", "action_flag": 3, "change_message": ""}}, {"model": "admin.logentry", "pk": 267, "fields": {"action_time": "2017-06-13T16:16:51.714Z", "user": 17, "content_type": 11, "object_id": "20", "object_repr": "Message object", "action_flag": 3, "change_message": ""}}, {"model": "admin.logentry", "pk": 268, "fields": {"action_time": "2017-06-14T12:04:00.381Z", "user": 17, "content_type": 14, "object_id": "1", "object_repr": "EmployeeRequest object", "action_flag": 2, "change_message": "[{\"changed\": {\"fields\": [\"subject\"]}}]"}}, {"model": "admin.logentry", "pk": 269, "fields": {"action_time": "2017-06-14T12:13:20.346Z", "user": 17, "content_type": 14, "object_id": "1", "object_repr": "EmployeeRequest object", "action_flag": 2, "change_message": "[]"}}, {"model": "admin.logentry", "pk": 270, "fields": {"action_time": "2017-06-14T17:01:52.884Z", "user": 17, "content_type": 14, "object_id": "5", "object_repr": "EmployeeRequest object", "action_flag": 3, "change_message": ""}}, {"model": "admin.logentry", "pk": 271, "fields": {"action_time": "2017-06-14T17:01:52.888Z", "user": 17, "content_type": 14, "object_id": "4", "object_repr": "EmployeeRequest object", "action_flag": 3, "change_message": ""}}, {"model": "admin.logentry", "pk": 272, "fields": {"action_time": "2017-06-14T17:01:52.892Z", "user": 17, "content_type": 14, "object_id": "3", "object_repr": "EmployeeRequest object", "action_flag": 3, "change_message": ""}}, {"model": "admin.logentry", "pk": 273, "fields": {"action_time": "2017-06-14T17:39:50.447Z", "user": 17, "content_type": 14, "object_id": "7", "object_repr": "EmployeeRequest object", "action_flag": 2, "change_message": "[{\"changed\": {\"fields\": [\"subject\"]}}]"}}, {"model": "admin.logentry", "pk": 274, "fields": {"action_time": "2017-06-14T17:39:57.105Z", "user": 17, "content_type": 14, "object_id": "6", "object_repr": "EmployeeRequest object", "action_flag": 2, "change_message": "[{\"changed\": {\"fields\": [\"subject\"]}}]"}}, {"model": "admin.logentry", "pk": 275, "fields": {"action_time": "2017-06-14T17:40:03.990Z", "user": 17, "content_type": 14, "object_id": "2", "object_repr": "EmployeeRequest object", "action_flag": 2, "change_message": "[{\"changed\": {\"fields\": [\"subject\"]}}]"}}, {"model": "admin.logentry", "pk": 276, "fields": {"action_time": "2017-06-14T17:40:12.034Z", "user": 17, "content_type": 14, "object_id": "1", "object_repr": "EmployeeRequest object", "action_flag": 2, "change_message": "[{\"changed\": {\"fields\": [\"subject\"]}}]"}}, {"model": "admin.logentry", "pk": 277, "fields": {"action_time": "2017-06-15T11:20:29.104Z", "user": 17, "content_type": 15, "object_id": "5", "object_repr": "ManagerMessage object", "action_flag": 3, "change_message": ""}}, {"model": "admin.logentry", "pk": 278, "fields": {"action_time": "2017-06-15T11:20:29.107Z", "user": 17, "content_type": 15, "object_id": "4", "object_repr": "ManagerMessage object", "action_flag": 3, "change_message": ""}}, {"model": "admin.logentry", "pk": 279, "fields": {"action_time": "2017-06-15T11:20:29.108Z", "user": 17, "content_type": 15, "object_id": "3", "object_repr": "ManagerMessage object", "action_flag": 3, "change_message": ""}}, {"model": "admin.logentry", "pk": 280, "fields": {"action_time": "2017-06-15T11:20:29.109Z", "user": 17, "content_type": 15, "object_id": "2", "object_repr": "ManagerMessage object", "action_flag": 3, "change_message": ""}}, {"model": "admin.logentry", "pk": 281, "fields": {"action_time": "2017-06-15T11:20:29.110Z", "user": 17, "content_type": 15, "object_id": "1", "object_repr": "ManagerMessage object", "action_flag": 3, "change_message": ""}}, {"model": "admin.logentry", "pk": 282, "fields": {"action_time": "2017-06-15T11:20:45.808Z", "user": 17, "content_type": 14, "object_id": "8", "object_repr": "EmployeeRequest object", "action_flag": 3, "change_message": ""}}, {"model": "admin.logentry", "pk": 283, "fields": {"action_time": "2017-06-15T11:20:45.811Z", "user": 17, "content_type": 14, "object_id": "7", "object_repr": "EmployeeRequest object", "action_flag": 3, "change_message": ""}}, {"model": "admin.logentry", "pk": 284, "fields": {"action_time": "2017-06-15T11:20:45.814Z", "user": 17, "content_type": 14, "object_id": "6", "object_repr": "EmployeeRequest object", "action_flag": 3, "change_message": ""}}, {"model": "admin.logentry", "pk": 285, "fields": {"action_time": "2017-06-15T11:20:45.819Z", "user": 17, "content_type": 14, "object_id": "2", "object_repr": "EmployeeRequest object", "action_flag": 3, "change_message": ""}}, {"model": "admin.logentry", "pk": 286, "fields": {"action_time": "2017-06-15T11:20:45.822Z", "user": 17, "content_type": 14, "object_id": "1", "object_repr": "EmployeeRequest object", "action_flag": 3, "change_message": ""}}, {"model": "admin.logentry", "pk": 287, "fields": {"action_time": "2017-06-16T17:23:39.986Z", "user": 17, "content_type": 3, "object_id": "17", "object_repr": "roy", "action_flag": 2, "change_message": "[{\"changed\": {\"fields\": [\"first_name\", \"last_name\"]}}]"}}, {"model": "admin.logentry", "pk": 288, "fields": {"action_time": "2017-06-24T16:21:29.411Z", "user": 17, "content_type": 15, "object_id": "13", "object_repr": "ManagerMessage object", "action_flag": 2, "change_message": "[{\"changed\": {\"fields\": [\"text\"]}}]"}}, {"model": "admin.logentry", "pk": 289, "fields": {"action_time": "2017-06-29T15:04:56.187Z", "user": 17, "content_type": 9, "object_id": "8", "object_repr": "roy", "action_flag": 2, "change_message": "[{\"changed\": {\"fields\": [\"phone_num\"]}}]"}}, {"model": "admin.logentry", "pk": 290, "fields": {"action_time": "2017-06-29T15:06:14.710Z", "user": 17, "content_type": 9, "object_id": "175", "object_repr": "assafC", "action_flag": 2, "change_message": "[{\"changed\": {\"fields\": [\"phone_num\"]}}]"}}, {"model": "admin.logentry", "pk": 291, "fields": {"action_time": "2017-06-29T15:06:20.273Z", "user": 17, "content_type": 9, "object_id": "174", "object_repr": "totol", "action_flag": 2, "change_message": "[{\"changed\": {\"fields\": [\"phone_num\"]}}]"}}, {"model": "admin.logentry", "pk": 292, "fields": {"action_time": "2017-06-29T15:06:32.298Z", "user": 17, "content_type": 9, "object_id": "168", "object_repr": "PitzkinP", "action_flag": 2, "change_message": "[{\"changed\": {\"fields\": [\"phone_num\"]}}]"}}, {"model": "admin.logentry", "pk": 293, "fields": {"action_time": "2017-06-29T15:06:37.994Z", "user": 17, "content_type": 9, "object_id": "167", "object_repr": "DaniD", "action_flag": 2, "change_message": "[{\"changed\": {\"fields\": [\"phone_num\"]}}]"}}, {"model": "admin.logentry", "pk": 294, "fields": {"action_time": "2017-06-29T15:06:43.821Z", "user": 17, "content_type": 9, "object_id": "163", "object_repr": "normani", "action_flag": 2, "change_message": "[{\"changed\": {\"fields\": [\"phone_num\"]}}]"}}, {"model": "admin.logentry", "pk": 295, "fields": {"action_time": "2017-06-29T15:06:47.818Z", "user": 17, "content_type": 9, "object_id": "17", "object_repr": "Roni", "action_flag": 2, "change_message": "[{\"changed\": {\"fields\": [\"phone_num\"]}}]"}}, {"model": "admin.logentry", "pk": 296, "fields": {"action_time": "2017-06-29T15:07:26.672Z", "user": 17, "content_type": 9, "object_id": "194", "object_repr": "rer", "action_flag": 2, "change_message": "[{\"changed\": {\"fields\": [\"phone_num\"]}}]"}}, {"model": "admin.logentry", "pk": 297, "fields": {"action_time": "2017-06-29T15:12:12.501Z", "user": 17, "content_type": 9, "object_id": "193", "object_repr": "qdwad", "action_flag": 2, "change_message": "[{\"changed\": {\"fields\": [\"phone_num\"]}}]"}}, {"model": "admin.logentry", "pk": 298, "fields": {"action_time": "2017-06-29T15:34:11.744Z", "user": 17, "content_type": 9, "object_id": "194", "object_repr": "rer", "action_flag": 2, "change_message": "[{\"changed\": {\"fields\": [\"phone_num\"]}}]"}}, {"model": "admin.logentry", "pk": 299, "fields": {"action_time": "2017-06-29T15:34:27.677Z", "user": 17, "content_type": 9, "object_id": "193", "object_repr": "qdwad", "action_flag": 2, "change_message": "[{\"changed\": {\"fields\": [\"phone_num\"]}}]"}}, {"model": "admin.logentry", "pk": 300, "fields": {"action_time": "2017-07-19T13:52:08.940Z", "user": 17, "content_type": 16, "object_id": "1", "object_repr": "ShiftSlot object", "action_flag": 1, "change_message": "[{\"added\": {}}]"}}, {"model": "admin.logentry", "pk": 301, "fields": {"action_time": "2017-07-19T14:27:21.639Z", "user": 17, "content_type": 16, "object_id": "1", "object_repr": "ShiftSlot object", "action_flag": 2, "change_message": "[{\"changed\": {\"fields\": [\"constraints\"]}}]"}}, {"model": "admin.logentry", "pk": 302, "fields": {"action_time": "2017-07-20T14:25:23.611Z", "user": 17, "content_type": 16, "object_id": "2", "object_repr": "ShiftSlot object", "action_flag": 2, "change_message": "[]"}}, {"model": "admin.logentry", "pk": 303, "fields": {"action_time": "2017-07-20T14:28:56.490Z", "user": 17, "content_type": 16, "object_id": "1", "object_repr": "ShiftSlot object", "action_flag": 2, "change_message": "[{\"changed\": {\"fields\": [\"constraints\"]}}]"}}, {"model": "admin.logentry", "pk": 304, "fields": {"action_time": "2017-07-20T14:29:16.298Z", "user": 17, "content_type": 16, "object_id": "2", "object_repr": "ShiftSlot object", "action_flag": 3, "change_message": ""}}, {"model": "admin.logentry", "pk": 305, "fields": {"action_time": "2017-07-20T14:53:11.716Z", "user": 17, "content_type": 16, "object_id": "1", "object_repr": "ShiftSlot object", "action_flag": 2, "change_message": "[{\"changed\": {\"fields\": [\"constraints\"]}}]"}}, {"model": "admin.logentry", "pk": 306, "fields": {"action_time": "2017-07-20T15:27:20.427Z", "user": 17, "content_type": 16, "object_id": "4", "object_repr": "ShiftSlot object", "action_flag": 3, "change_message": ""}}, {"model": "admin.logentry", "pk": 307, "fields": {"action_time": "2017-07-20T15:29:55.700Z", "user": 17, "content_type": 16, "object_id": "5", "object_repr": "ShiftSlot object", "action_flag": 3, "change_message": ""}}, {"model": "admin.logentry", "pk": 308, "fields": {"action_time": "2017-07-20T15:29:55.702Z", "user": 17, "content_type": 16, "object_id": "3", "object_repr": "ShiftSlot object", "action_flag": 3, "change_message": ""}}, {"model": "admin.logentry", "pk": 309, "fields": {"action_time": "2017-07-28T15:26:54.943Z", "user": 17, "content_type": 16, "object_id": "27", "object_repr": "ShiftSlot object", "action_flag": 3, "change_message": ""}}, {"model": "admin.logentry", "pk": 310, "fields": {"action_time": "2017-07-28T15:26:54.946Z", "user": 17, "content_type": 16, "object_id": "26", "object_repr": "ShiftSlot object", "action_flag": 3, "change_message": ""}}, {"model": "admin.logentry", "pk": 311, "fields": {"action_time": "2017-07-28T15:26:54.948Z", "user": 17, "content_type": 16, "object_id": "25", "object_repr": "ShiftSlot object", "action_flag": 3, "change_message": ""}}, {"model": "admin.logentry", "pk": 312, "fields": {"action_time": "2017-07-28T15:26:54.950Z", "user": 17, "content_type": 16, "object_id": "24", "object_repr": "ShiftSlot object", "action_flag": 3, "change_message": ""}}, {"model": "admin.logentry", "pk": 313, "fields": {"action_time": "2017-07-28T15:26:54.952Z", "user": 17, "content_type": 16, "object_id": "23", "object_repr": "ShiftSlot object", "action_flag": 3, "change_message": ""}}, {"model": "admin.logentry", "pk": 314, "fields": {"action_time": "2017-07-28T15:26:54.953Z", "user": 17, "content_type": 16, "object_id": "22", "object_repr": "ShiftSlot object", "action_flag": 3, "change_message": ""}}, {"model": "admin.logentry", "pk": 315, "fields": {"action_time": "2017-07-28T15:26:54.954Z", "user": 17, "content_type": 16, "object_id": "21", "object_repr": "ShiftSlot object", "action_flag": 3, "change_message": ""}}, {"model": "admin.logentry", "pk": 316, "fields": {"action_time": "2017-07-28T15:26:54.956Z", "user": 17, "content_type": 16, "object_id": "20", "object_repr": "ShiftSlot object", "action_flag": 3, "change_message": ""}}, {"model": "admin.logentry", "pk": 317, "fields": {"action_time": "2017-07-28T15:26:54.958Z", "user": 17, "content_type": 16, "object_id": "19", "object_repr": "ShiftSlot object", "action_flag": 3, "change_message": ""}}, {"model": "admin.logentry", "pk": 318, "fields": {"action_time": "2017-07-28T15:26:54.960Z", "user": 17, "content_type": 16, "object_id": "18", "object_repr": "ShiftSlot object", "action_flag": 3, "change_message": ""}}, {"model": "admin.logentry", "pk": 319, "fields": {"action_time": "2017-07-28T15:26:54.962Z", "user": 17, "content_type": 16, "object_id": "17", "object_repr": "ShiftSlot object", "action_flag": 3, "change_message": ""}}, {"model": "admin.logentry", "pk": 320, "fields": {"action_time": "2017-07-28T15:26:54.964Z", "user": 17, "content_type": 16, "object_id": "16", "object_repr": "ShiftSlot object", "action_flag": 3, "change_message": ""}}, {"model": "admin.logentry", "pk": 321, "fields": {"action_time": "2017-07-28T15:26:54.966Z", "user": 17, "content_type": 16, "object_id": "15", "object_repr": "ShiftSlot object", "action_flag": 3, "change_message": ""}}, {"model": "admin.logentry", "pk": 322, "fields": {"action_time": "2017-07-28T15:26:54.967Z", "user": 17, "content_type": 16, "object_id": "14", "object_repr": "ShiftSlot object", "action_flag": 3, "change_message": ""}}, {"model": "admin.logentry", "pk": 323, "fields": {"action_time": "2017-07-28T15:26:54.969Z", "user": 17, "content_type": 16, "object_id": "13", "object_repr": "ShiftSlot object", "action_flag": 3, "change_message": ""}}, {"model": "admin.logentry", "pk": 324, "fields": {"action_time": "2017-07-28T15:26:54.971Z", "user": 17, "content_type": 16, "object_id": "12", "object_repr": "ShiftSlot object", "action_flag": 3, "change_message": ""}}, {"model": "admin.logentry", "pk": 325, "fields": {"action_time": "2017-07-28T15:26:54.972Z", "user": 17, "content_type": 16, "object_id": "11", "object_repr": "ShiftSlot object", "action_flag": 3, "change_message": ""}}, {"model": "admin.logentry", "pk": 326, "fields": {"action_time": "2017-07-28T15:26:54.975Z", "user": 17, "content_type": 16, "object_id": "10", "object_repr": "ShiftSlot object", "action_flag": 3, "change_message": ""}}, {"model": "admin.logentry", "pk": 327, "fields": {"action_time": "2017-07-28T15:26:54.977Z", "user": 17, "content_type": 16, "object_id": "9", "object_repr": "ShiftSlot object", "action_flag": 3, "change_message": ""}}, {"model": "admin.logentry", "pk": 328, "fields": {"action_time": "2017-07-28T15:26:54.979Z", "user": 17, "content_type": 16, "object_id": "8", "object_repr": "ShiftSlot object", "action_flag": 3, "change_message": ""}}, {"model": "admin.logentry", "pk": 329, "fields": {"action_time": "2017-07-28T15:26:54.981Z", "user": 17, "content_type": 16, "object_id": "7", "object_repr": "ShiftSlot object", "action_flag": 3, "change_message": ""}}, {"model": "admin.logentry", "pk": 330, "fields": {"action_time": "2017-07-28T15:26:54.982Z", "user": 17, "content_type": 16, "object_id": "6", "object_repr": "ShiftSlot object", "action_flag": 3, "change_message": ""}}, {"model": "admin.logentry", "pk": 331, "fields": {"action_time": "2017-07-28T15:26:54.984Z", "user": 17, "content_type": 16, "object_id": "1", "object_repr": "ShiftSlot object", "action_flag": 3, "change_message": ""}}, {"model": "admin.logentry", "pk": 332, "fields": {"action_time": "2017-07-28T15:30:50.996Z", "user": 17, "content_type": 16, "object_id": "28", "object_repr": "ShiftSlot object", "action_flag": 3, "change_message": ""}}, {"model": "admin.logentry", "pk": 333, "fields": {"action_time": "2017-08-02T14:31:46.996Z", "user": 17, "content_type": 16, "object_id": "36", "object_repr": "ShiftSlot object", "action_flag": 3, "change_message": ""}}, {"model": "admin.logentry", "pk": 334, "fields": {"action_time": "2017-08-03T13:00:54.558Z", "user": 17, "content_type": 16, "object_id": "35", "object_repr": "ShiftSlot object", "action_flag": 3, "change_message": ""}}, {"model": "admin.logentry", "pk": 335, "fields": {"action_time": "2017-08-03T13:02:27.508Z", "user": 17, "content_type": 17, "object_id": "2017-08-10", "object_repr": "ToDelete", "action_flag": 1, "change_message": "[{\"added\": {}}]"}}, {"model": "admin.logentry", "pk": 336, "fields": {"action_time": "2017-08-03T13:03:01.321Z", "user": 17, "content_type": 17, "object_id": "2017-08-10", "object_repr": "ToDelete", "action_flag": 3, "change_message": ""}}, {"model": "admin.logentry", "pk": 337, "fields": {"action_time": "2017-08-03T20:42:12.520Z", "user": 17, "content_type": 17, "object_id": "2017-08-08", "object_repr": "Pitz birthday", "action_flag": 1, "change_message": "[{\"added\": {}}]"}}, {"model": "admin.logentry", "pk": 338, "fields": {"action_time": "2017-08-05T21:35:17.321Z", "user": 17, "content_type": 7, "object_id": "dummy", "object_repr": "dummy", "action_flag": 2, "change_message": "[{\"changed\": {\"fields\": [\"curr_timer\"]}}]"}}, {"model": "admin.logentry", "pk": 339, "fields": {"action_time": "2017-08-12T10:37:18.156Z", "user": 17, "content_type": 7, "object_id": "dummy", "object_repr": "dummy", "action_flag": 2, "change_message": "[{\"changed\": {\"fields\": [\"deadline_day\"]}}]"}}, {"model": "admin.logentry", "pk": 340, "fields": {"action_time": "2017-08-12T10:37:24.837Z", "user": 17, "content_type": 7, "object_id": "daniBiz", "object_repr": "daniBiz", "action_flag": 2, "change_message": "[{\"changed\": {\"fields\": [\"deadline_day\"]}}]"}}, {"model": "admin.logentry", "pk": 341, "fields": {"action_time": "2017-08-12T10:37:32.933Z", "user": 17, "content_type": 7, "object_id": "Yaldonet", "object_repr": "Yaldonet", "action_flag": 2, "change_message": "[{\"changed\": {\"fields\": [\"deadline_day\"]}}]"}}, {"model": "admin.logentry", "pk": 342, "fields": {"action_time": "2017-08-18T20:01:52.627Z", "user": 17, "content_type": 7, "object_id": "dummy", "object_repr": "dummy", "action_flag": 2, "change_message": "[{\"changed\": {\"fields\": [\"start_slot_countdown\"]}}]"}}, {"model": "admin.logentry", "pk": 343, "fields": {"action_time": "2017-08-18T20:04:13.351Z", "user": 17, "content_type": 7, "object_id": "dummy", "object_repr": "dummy", "action_flag": 2, "change_message": "[{\"changed\": {\"fields\": [\"start_slot_countdown\"]}}]"}}, {"model": "admin.logentry", "pk": 344, "fields": {"action_time": "2017-08-18T20:05:11.848Z", "user": 17, "content_type": 7, "object_id": "dummy", "object_repr": "dummy", "action_flag": 2, "change_message": "[{\"changed\": {\"fields\": [\"start_slot_countdown\"]}}]"}}, {"model": "admin.logentry", "pk": 345, "fields": {"action_time": "2017-08-18T20:06:58.208Z", "user": 17, "content_type": 7, "object_id": "dummy", "object_repr": "dummy", "action_flag": 2, "change_message": "[{\"changed\": {\"fields\": [\"start_slot_countdown\"]}}]"}}, {"model": "admin.logentry", "pk": 346, "fields": {"action_time": "2017-08-18T20:07:19.908Z", "user": 17, "content_type": 7, "object_id": "dummy", "object_repr": "dummy", "action_flag": 2, "change_message": "[{\"changed\": {\"fields\": [\"start_slot_countdown\"]}}]"}}, {"model": "admin.logentry", "pk": 347, "fields": {"action_time": "2017-08-19T08:57:06.145Z", "user": 17, "content_type": 7, "object_id": "dummy", "object_repr": "dummy", "action_flag": 2, "change_message": "[{\"changed\": {\"fields\": [\"start_slot_countdown\"]}}]"}}, {"model": "admin.logentry", "pk": 348, "fields": {"action_time": "2017-08-19T08:57:31.238Z", "user": 17, "content_type": 7, "object_id": "dummy", "object_repr": "dummy", "action_flag": 2, "change_message": "[{\"changed\": {\"fields\": [\"start_slot_countdown\"]}}]"}}, {"model": "admin.logentry", "pk": 349, "fields": {"action_time": "2017-08-19T09:03:16.694Z", "user": 17, "content_type": 7, "object_id": "dummy", "object_repr": "dummy", "action_flag": 2, "change_message": "[{\"changed\": {\"fields\": [\"start_slot_countdown\"]}}]"}}, {"model": "admin.logentry", "pk": 350, "fields": {"action_time": "2017-08-20T07:33:51.805Z", "user": 17, "content_type": 7, "object_id": "dummy", "object_repr": "dummy", "action_flag": 2, "change_message": "[{\"changed\": {\"fields\": [\"start_slot_countdown\"]}}]"}}, {"model": "admin.logentry", "pk": 351, "fields": {"action_time": "2017-08-20T07:42:23.618Z", "user": 17, "content_type": 7, "object_id": "dummy", "object_repr": "dummy", "action_flag": 2, "change_message": "[{\"changed\": {\"fields\": [\"start_slot_countdown\"]}}]"}}, {"model": "admin.logentry", "pk": 352, "fields": {"action_time": "2017-08-20T07:53:38.342Z", "user": 17, "content_type": 7, "object_id": "dummy", "object_repr": "dummy", "action_flag": 2, "change_message": "[{\"changed\": {\"fields\": [\"start_slot_countdown\"]}}]"}}, {"model": "admin.logentry", "pk": 353, "fields": {"action_time": "2017-08-20T09:27:50.625Z", "user": 17, "content_type": 9, "object_id": "191", "object_repr": "AvivaS", "action_flag": 3, "change_message": ""}}, {"model": "admin.logentry", "pk": 354, "fields": {"action_time": "2017-08-20T11:20:34.316Z", "user": 17, "content_type": 9, "object_id": "207", "object_repr": "EliS_1", "action_flag": 3, "change_message": ""}}, {"model": "admin.logentry", "pk": 355, "fields": {"action_time": "2017-08-20T11:20:34.319Z", "user": 17, "content_type": 9, "object_id": "205", "object_repr": "loniz", "action_flag": 3, "change_message": ""}}, {"model": "admin.logentry", "pk": 356, "fields": {"action_time": "2017-08-20T11:20:34.321Z", "user": 17, "content_type": 9, "object_id": "204", "object_repr": "adasda_3", "action_flag": 3, "change_message": ""}}, {"model": "admin.logentry", "pk": 357, "fields": {"action_time": "2017-08-20T11:20:34.323Z", "user": 17, "content_type": 9, "object_id": "203", "object_repr": "rdgdfgd", "action_flag": 3, "change_message": ""}}, {"model": "admin.logentry", "pk": 358, "fields": {"action_time": "2017-08-20T11:20:34.324Z", "user": 17, "content_type": 9, "object_id": "198", "object_repr": "bbbb", "action_flag": 3, "change_message": ""}}, {"model": "admin.logentry", "pk": 359, "fields": {"action_time": "2017-08-20T11:20:34.326Z", "user": 17, "content_type": 9, "object_id": "197", "object_repr": "adasda_2", "action_flag": 3, "change_message": ""}}, {"model": "admin.logentry", "pk": 360, "fields": {"action_time": "2017-08-20T11:20:34.328Z", "user": 17, "content_type": 9, "object_id": "196", "object_repr": "yoyoy", "action_flag": 3, "change_message": ""}}, {"model": "admin.logentry", "pk": 361, "fields": {"action_time": "2017-08-20T11:20:34.330Z", "user": 17, "content_type": 9, "object_id": "195", "object_repr": "babab", "action_flag": 3, "change_message": ""}}, {"model": "admin.logentry", "pk": 362, "fields": {"action_time": "2017-08-20T11:20:34.333Z", "user": 17, "content_type": 9, "object_id": "193", "object_repr": "qdwad", "action_flag": 3, "change_message": ""}}, {"model": "admin.logentry", "pk": 363, "fields": {"action_time": "2017-08-20T11:20:34.335Z", "user": 17, "content_type": 9, "object_id": "192", "object_repr": "adasda_1", "action_flag": 3, "change_message": ""}}, {"model": "admin.logentry", "pk": 364, "fields": {"action_time": "2017-08-20T11:20:34.337Z", "user": 17, "content_type": 9, "object_id": "188", "object_repr": "kasmdkalk", "action_flag": 3, "change_message": ""}}, {"model": "admin.logentry", "pk": 365, "fields": {"action_time": "2017-08-20T11:20:34.339Z", "user": 17, "content_type": 9, "object_id": "187", "object_repr": "kamsdmm", "action_flag": 3, "change_message": ""}}, {"model": "admin.logentry", "pk": 366, "fields": {"action_time": "2017-08-20T11:20:34.342Z", "user": 17, "content_type": 9, "object_id": "186", "object_repr": "ijadkslandkl", "action_flag": 3, "change_message": ""}}, {"model": "admin.logentry", "pk": 367, "fields": {"action_time": "2017-08-20T11:20:34.344Z", "user": 17, "content_type": 9, "object_id": "185", "object_repr": "kaskdmk", "action_flag": 3, "change_message": ""}}, {"model": "admin.logentry", "pk": 368, "fields": {"action_time": "2017-08-20T11:20:34.346Z", "user": 17, "content_type": 9, "object_id": "184", "object_repr": "lkasdk", "action_flag": 3, "change_message": ""}}, {"model": "admin.logentry", "pk": 369, "fields": {"action_time": "2017-08-20T11:20:34.348Z", "user": 17, "content_type": 9, "object_id": "183", "object_repr": "klasdk", "action_flag": 3, "change_message": ""}}, {"model": "admin.logentry", "pk": 370, "fields": {"action_time": "2017-08-20T11:20:34.350Z", "user": 17, "content_type": 9, "object_id": "181", "object_repr": "smfksa", "action_flag": 3, "change_message": ""}}, {"model": "admin.logentry", "pk": 371, "fields": {"action_time": "2017-08-20T11:20:34.352Z", "user": 17, "content_type": 9, "object_id": "180", "object_repr": "kasdmakslda", "action_flag": 3, "change_message": ""}}, {"model": "admin.logentry", "pk": 372, "fields": {"action_time": "2017-08-20T11:20:34.354Z", "user": 17, "content_type": 9, "object_id": "179", "object_repr": "adasda", "action_flag": 3, "change_message": ""}}, {"model": "admin.logentry", "pk": 373, "fields": {"action_time": "2017-08-20T11:20:34.356Z", "user": 17, "content_type": 9, "object_id": "178", "object_repr": "askldaklnda", "action_flag": 3, "change_message": ""}}, {"model": "admin.logentry", "pk": 374, "fields": {"action_time": "2017-08-20T11:20:34.358Z", "user": 17, "content_type": 9, "object_id": "177", "object_repr": "klsnfl", "action_flag": 3, "change_message": ""}}, {"model": "admin.logentry", "pk": 375, "fields": {"action_time": "2017-08-20T11:20:34.361Z", "user": 17, "content_type": 9, "object_id": "174", "object_repr": "totol", "action_flag": 3, "change_message": ""}}, {"model": "admin.logentry", "pk": 376, "fields": {"action_time": "2017-08-20T11:24:24.008Z", "user": 17, "content_type": 3, "object_id": "204", "object_repr": "qdwad", "action_flag": 3, "change_message": ""}}, {"model": "admin.logentry", "pk": 377, "fields": {"action_time": "2017-08-20T11:24:38.259Z", "user": 17, "content_type": 3, "object_id": "203", "object_repr": "adasda_1", "action_flag": 3, "change_message": ""}}, {"model": "admin.logentry", "pk": 378, "fields": {"action_time": "2017-08-20T11:24:38.262Z", "user": 17, "content_type": 3, "object_id": "208", "object_repr": "adasda_2", "action_flag": 3, "change_message": ""}}, {"model": "admin.logentry", "pk": 379, "fields": {"action_time": "2017-08-20T11:24:38.263Z", "user": 17, "content_type": 3, "object_id": "215", "object_repr": "adasda_3", "action_flag": 3, "change_message": ""}}, {"model": "admin.logentry", "pk": 380, "fields": {"action_time": "2017-08-27T15:04:26.785Z", "user": 17, "content_type": 3, "object_id": "202", "object_repr": "AvivaS", "action_flag": 3, "change_message": ""}}, {"model": "admin.logentry", "pk": 381, "fields": {"action_time": "2017-08-27T15:04:26.788Z", "user": 17, "content_type": 3, "object_id": "218", "object_repr": "EliS_1", "action_flag": 3, "change_message": ""}}, {"model": "admin.logentry", "pk": 382, "fields": {"action_time": "2017-08-27T15:04:26.790Z", "user": 17, "content_type": 3, "object_id": "190", "object_repr": "adasda", "action_flag": 3, "change_message": ""}}, {"model": "admin.logentry", "pk": 383, "fields": {"action_time": "2017-08-27T15:04:26.791Z", "user": 17, "content_type": 3, "object_id": "189", "object_repr": "askldaklnda", "action_flag": 3, "change_message": ""}}, {"model": "admin.logentry", "pk": 384, "fields": {"action_time": "2017-08-27T15:04:26.793Z", "user": 17, "content_type": 3, "object_id": "206", "object_repr": "babab", "action_flag": 3, "change_message": ""}}, {"model": "admin.logentry", "pk": 385, "fields": {"action_time": "2017-08-27T15:04:26.794Z", "user": 17, "content_type": 3, "object_id": "209", "object_repr": "bbbb", "action_flag": 3, "change_message": ""}}, {"model": "admin.logentry", "pk": 386, "fields": {"action_time": "2017-08-27T15:04:26.796Z", "user": 17, "content_type": 3, "object_id": "197", "object_repr": "ijadkslandkl", "action_flag": 3, "change_message": ""}}, {"model": "admin.logentry", "pk": 387, "fields": {"action_time": "2017-08-27T15:04:26.798Z", "user": 17, "content_type": 3, "object_id": "198", "object_repr": "kamsdmm", "action_flag": 3, "change_message": ""}}, {"model": "admin.logentry", "pk": 388, "fields": {"action_time": "2017-08-27T15:04:26.800Z", "user": 17, "content_type": 3, "object_id": "191", "object_repr": "kasdmakslda", "action_flag": 3, "change_message": ""}}, {"model": "admin.logentry", "pk": 389, "fields": {"action_time": "2017-08-27T15:04:26.802Z", "user": 17, "content_type": 3, "object_id": "196", "object_repr": "kaskdmk", "action_flag": 3, "change_message": ""}}, {"model": "admin.logentry", "pk": 390, "fields": {"action_time": "2017-08-27T15:04:26.804Z", "user": 17, "content_type": 3, "object_id": "199", "object_repr": "kasmdkalk", "action_flag": 3, "change_message": ""}}, {"model": "admin.logentry", "pk": 391, "fields": {"action_time": "2017-08-27T15:04:26.806Z", "user": 17, "content_type": 3, "object_id": "212", "object_repr": "kjasdb;n", "action_flag": 3, "change_message": ""}}, {"model": "admin.logentry", "pk": 392, "fields": {"action_time": "2017-08-27T15:04:26.807Z", "user": 17, "content_type": 3, "object_id": "194", "object_repr": "klasdk", "action_flag": 3, "change_message": ""}}, {"model": "admin.logentry", "pk": 393, "fields": {"action_time": "2017-08-27T15:04:26.809Z", "user": 17, "content_type": 3, "object_id": "188", "object_repr": "klsnfl", "action_flag": 3, "change_message": ""}}, {"model": "admin.logentry", "pk": 394, "fields": {"action_time": "2017-08-27T15:04:26.811Z", "user": 17, "content_type": 3, "object_id": "195", "object_repr": "lkasdk", "action_flag": 3, "change_message": ""}}, {"model": "admin.logentry", "pk": 395, "fields": {"action_time": "2017-08-27T15:04:26.813Z", "user": 17, "content_type": 3, "object_id": "216", "object_repr": "loniz", "action_flag": 3, "change_message": ""}}, {"model": "admin.logentry", "pk": 396, "fields": {"action_time": "2017-08-27T15:04:26.816Z", "user": 17, "content_type": 3, "object_id": "214", "object_repr": "rdgdfgd", "action_flag": 3, "change_message": ""}}, {"model": "admin.logentry", "pk": 397, "fields": {"action_time": "2017-08-27T15:04:26.818Z", "user": 17, "content_type": 3, "object_id": "192", "object_repr": "smfksa", "action_flag": 3, "change_message": ""}}, {"model": "admin.logentry", "pk": 398, "fields": {"action_time": "2017-08-27T15:04:26.820Z", "user": 17, "content_type": 3, "object_id": "185", "object_repr": "totol", "action_flag": 3, "change_message": ""}}, {"model": "admin.logentry", "pk": 399, "fields": {"action_time": "2017-08-27T15:04:26.823Z", "user": 17, "content_type": 3, "object_id": "207", "object_repr": "yoyoy", "action_flag": 3, "change_message": ""}}]